Book Id,Title,Author,Author l-f,Additional Authors,ISBN,ISBN13,My Rating,Publisher,Binding,Number of Pages,Year Published,Original Publication Year,Date Read,Date Added,Bookshelves,Bookshelves with positions,Exclusive Shelf,My Review,Spoiler,Private Notes,Read Count,Owned Copies
34640861,The Reactionary Mind: Conservatism from Edmund Burke to Donald Trump,Robin,"Robin, Robin",,"=""0190692006""","=""9780190692001""",4,Oxford University Press,Paperback,330,2017,,2021/03/25,2021/03/08,,,read,,,,1,0
256008,"Lonesome Dove (Lonesome Dove, #1)",Larry McMurtry,"McMurtry, Larry",,"=""067168390X""","=""9780671683900""",0,Pocket Books,Mass Market Paperback,960,1999,1985,,2026/03/11,currently-reading,currently-reading (#1),currently-reading,,,,1,0
139069,Endurance: Shackleton's Incredible Voyage,Alfred Lansing,"Lansing, Alfred",,"=""""","=""""",5,Carroll & Graf Publishers,Hardcover,282,1999,1959,2026/03/10,2026/03/05,,,read,,,,1,0
2823,The Birth of Tragedy,Friedrich Nietzsche,"Nietzsche, Friedrich","Shaun Whiteside, Michael Tanner","=""0140433392""","=""9780140433395""",0,Penguin Classics,Paperback,121,2003,1871,,2025/06/20,on-the-bookshelf,on-the-bookshelf (#102),on-the-bookshelf,,,,1,0
135479,Cat’s Cradle,Kurt Vonnegut Jr.,"Jr., Kurt Vonnegut",,"=""""","=""""",0,Penguin,Paperback,306,1999,1963,,2026/03/05,on-the-bookshelf,on-the-bookshelf (#101),on-the-bookshelf,,,,0,0
8146619,The Right Stuff,Tom Wolfe,"Wolfe, Tom",,"=""""","=""""",5,,Kindle Edition,369,2004,1979,2026/03/05,2026/03/05,,,read,,,,1,0
12370085,All the Lights,Clemens Meyer,"Meyer, Clemens",,"=""1908276010""","=""9781908276018""",0,And Other Stories,Paperback,240,2011,2008,,2026/03/05,to-read,to-read (#70),to-read,,,,0,0
325785,"Capital: A Critique of Political Economy, Volume 1",Karl Marx,"Marx, Karl",,"=""0140445684""","=""9780140445688""",5,Penguin Classics,Paperback,1152,1992,1867,2020/07/31,2020/09/02,,,read,,,,1,0
1105434,Essays on Thomas Mann,György Lukács,"Lukács, György",Stanley Mitchell (Translator),"=""0850362385""","=""9780850362381""",0,Merlin Press,Paperback,172,1995,,,2025/06/21,on-the-bookshelf,on-the-bookshelf (#100),on-the-bookshelf,,,,0,0
985519,"The Masks of God, Volume 4: Creative Mythology",Joseph Campbell,"Campbell, Joseph",,"=""""","=""""",0,Penguin,Paperback,752,1991,1968,,2025/06/21,on-the-bookshelf,on-the-bookshelf (#99),on-the-bookshelf,,,,0,0
219197668,"Residues: Time, Change, and Uncertainty in Software Architecture",Barry    O'Reilly,"O'Reilly, Barry",,"=""""","=""""",4,Leanpub,ebook,68,2024,,2025/05/20,2025/05/20,,,read,,,,2,0
59516353,Catafalque: Carl Jung and the End of Humanity,Peter Kingsley,"Kingsley, Peter",,"=""1999638417""","=""9781999638412""",0,Catafalque Press,Paperback,844,2021,2018,,2023/06/06,on-the-bookshelf,on-the-bookshelf (#98),on-the-bookshelf,,,,1,0
204316857,The Empusium,Olga Tokarczuk,"Tokarczuk, Olga",Antonia Lloyd-Jones,"=""0593712943""","=""9780593712948""",0,Riverhead Books,Hardcover,305,2024,2022,,2024/11/22,on-the-bookshelf,on-the-bookshelf (#97),on-the-bookshelf,,,,1,0
332613,One Flew Over the Cuckoo’s Nest,Ken Kesey,"Kesey, Ken",,"=""""","=""""",5,Signet,Mass Market Paperback,325,1963,1962,2021/01/03,2020/12/31,,,read,,,,2,0
88076,Joseph and His Brothers,Thomas Mann,"Mann, Thomas",John E. Woods,"=""1400040019""","=""9781400040018""",0,Everyman's Library (Knopf),Hardcover,1492,2005,1943,,2024/09/16,on-the-bookshelf,on-the-bookshelf (#96),on-the-bookshelf,,,,1,0
28602719,Domain-Driven Design Distilled,Vaughn Vernon,"Vernon, Vaughn",,"=""0134434420""","=""9780134434421""",3,Addison-Wesley Professional,Paperback,176,2016,,2024/12/14,2024/12/14,,,read,,,,1,0
209000061,"The Essential Harlem Detectives: A Rage in Harlem, The Real Cool Killers, The Crazy Kill, Cotton Comes to Harlem",Chester Himes,"Himes, Chester",S.A. Cosby,"=""0593803728""","=""9780593803721""",0,Everyman's Library,Kindle Edition,718,2024,,,2024/11/16,on-the-bookshelf,on-the-bookshelf (#94),on-the-bookshelf,,,,0,0
35167685,"""Surely You're Joking, Mr. Feynman!"": Adventures of a Curious Character",Richard P. Feynman,"Feynman, Richard P.","Ralph Leighton, Edward Hutchings, Bill Gates","=""0393355624""","=""9780393355628""",3,W. W. Norton & Company,Paperback,400,2018,1985,2024/12/04,2024/10/14,,,read,,,,1,0
357641,The Hero Within: Six Archetypes We Live By,Carol S. Pearson,"Pearson, Carol S.",,"=""0062515551""","=""9780062515551""",0,HarperOne,Paperback,338,1998,1986,,2024/12/04,to-read,to-read (#69),to-read,,,,0,0
1573375,Mario and the Magician and Other Stories,Thomas Mann,"Mann, Thomas",,"=""0749386622""","=""9780749386627""",4,Vintage Classics,Paperback,368,1998,1958,2024/11/29,2024/10/30,,,read,,,,1,0
137328,The Black Swan (Die Betrogene),Thomas Mann,"Mann, Thomas",Willard R. Trask,"=""0520070089""","=""9780520070080""",4,University of California Press,Hardcover,155,1990,1953,2024/11/29,2024/11/29,,,read,,,,1,0
6831877,The Tables of the Law,Thomas Mann,"Mann, Thomas","Marion Faber, Stephen Lehmann","=""1589880579""","=""9781589880573""",4,Paul Dry Books,Paperback,120,2010,1943,2024/11/23,2024/11/19,,,read,,,,1,0
56337680,Herscht 07769,László Krasznahorkai,"Krasznahorkai, László",,"=""9631438953""","=""9789631438956""",0,Magvető,Hardcover,424,2021,2021,,2024/11/22,to-read,to-read (#68),to-read,,,,0,0
324172,Re-Visioning Psychology,James Hillman,"Hillman, James",,"=""0060905638""","=""9780060905637""",0,Harper ,Paperback,304,1978,1975,,2024/10/27,on-the-bookshelf,on-the-bookshelf (#95),on-the-bookshelf,,,,0,0
88081,The Transposed Heads: A Legend of India,Thomas Mann,"Mann, Thomas",H.T. Lowe-Porter,"=""0394700864""","=""9780394700861""",5,Vintage,Mass Market Paperback,128,1959,1940,2024/11/19,2024/11/19,,,read,,,,1,0
13793398,Disorder and Early Sorrow,Thomas Mann,"Mann, Thomas",,"=""""","=""""",3,,Unknown Binding,49,,1925,2024/11/17,2024/11/17,,,read,,,,1,0
625050,Bashan and I (Pine Street Books),Thomas Mann,"Mann, Thomas",,"=""0812218337""","=""9780812218336""",3,Pine Street Books,Paperback,248,2002,1918,2024/11/17,2024/11/17,,,read,,,,1,0
539128,Mario and the Magician,Thomas Mann,"Mann, Thomas",,"=""1568490356""","=""9781568490359""",4,Buccaneer Books,Hardcover,47,1991,1929,2024/11/17,2024/11/17,,,read,,,,1,0
49766169,Good Old Neon,David Foster Wallace,"Wallace, David Foster",,"=""""","=""""",5,"Little, Brown and Company",Unknown Binding,40,2004,,2024/11/17,2024/11/17,,,read,,,,1,0
34440,Doctor Faustus,Thomas Mann,"Mann, Thomas",John E. Woods,"=""0375701168""","=""9780375701160""",0,Vintage,Paperback,535,1999,1947,,2024/11/16,on-the-bookshelf,on-the-bookshelf (#93),on-the-bookshelf,,,,0,0
40489681,What's Right For Me?: Making decisions in pregnancy and childbirth,Sara Wickham,"Wickham, Sara",,"=""""","=""""",5,Birthmoon Creations,Kindle Edition,131,2018,,2024/11/14,2024/11/14,,,read,,,,1,0
144937,The Idea of the Holy,Rudolf Otto,"Otto, Rudolf",John Wilfred Harvey,"=""0195002105""","=""9780195002102""",0,Oxford University Press,Paperback,232,1958,1917,,2024/11/13,to-read,to-read (#67),to-read,,,,0,0
59697228,In Your Own Time: How western medicine controls the start of labour and why this needs to stop,Sara   Wickham,"Wickham, Sara",,"=""""","=""""",4,,Kindle Edition,234,2021,,2024/11/10,2024/11/05,,,read,,,,1,0
36302721,Technic and Magic: The Reconstruction of Reality,Federico Campagna,"Campagna, Federico",,"=""1350044024""","=""9781350044029""",0,Bloomsbury,Paperback,256,2018,,,2024/11/05,to-read,to-read (#66),to-read,,,,0,0
886104,The Steep Approach to Garbadale,Iain Banks,"Banks, Iain",,"=""0316731056""","=""9780316731058""",0,"Little, Brown and Company",Hardcover,400,2007,2007,,2024/10/12,on-the-bookshelf,on-the-bookshelf (#92),on-the-bookshelf,,,,1,0
175145,The New Being,Paul Tillich,"Tillich, Paul",Mary Ann Stenger,"=""0803294581""","=""9780803294585""",0,Bison Books,Paperback,179,2005,1955,,2024/10/10,on-the-bookshelf,on-the-bookshelf (#91),on-the-bookshelf,,,,1,0
122600,Iron John: A Book About Men,Robert  Bly,"Bly, Robert",,"=""0306813769""","=""9780306813764""",5,Da Capo Press,Paperback,288,2004,1990,2024/10/27,2024/10/05,,,read,,,,1,0
17934648,Ask Me: 100 Essential Poems of William Stafford,William Stafford,"Stafford, William",Kim Stafford,"=""1555976646""","=""9781555976644""",0,Graywolf Press,Paperback,109,2014,2014,,2024/10/24,to-read,to-read (#65),to-read,,,,0,0
903358,The Wounded Woman: Healing the Father-Daughter Relationship,Linda Schierse Leonard,"Leonard, Linda Schierse",,"=""0394721837""","=""9780394721835""",0,"Shambhala Publications, Inc.",Paperback,179,1982,1982,,2024/10/21,to-read,to-read (#64),to-read,,,,0,0
9460810,"Fate and Destiny, The Two Agreements of the Soul",Michael Meade,"Meade, Michael",,"=""0982939108""","=""9780982939109""",0,Greenfire Pr,Paperback,315,2010,2004,,2024/10/19,to-read,to-read (#63),to-read,,,,0,0
10260,The Pleasure of Finding Things Out: The Best Short Works of Richard P. Feynman,Richard P. Feynman,"Feynman, Richard P.","Jeffrey Robbins, Freeman Dyson","=""""","=""""",0,Basic Books,Paperback,270,2005,1999,,2024/10/14,on-the-bookshelf,on-the-bookshelf (#90),on-the-bookshelf,,,,0,0
35167718,"""What Do You Care What Other People Think?"": Further Adventures of a Curious Character",Richard P. Feynman,"Feynman, Richard P.",Ralph Leighton,"=""0393355640""","=""9780393355642""",0,W. W. Norton & Company,Paperback,288,2018,1988,,2024/10/08,on-the-bookshelf,on-the-bookshelf (#89),on-the-bookshelf,,,,0,0
210943364,The Message,Ta-Nehisi Coates,"Coates, Ta-Nehisi",,"=""0593230388""","=""9780593230381""",0,One World,Hardcover,232,2024,2024,,2024/10/14,to-read,to-read (#62),to-read,,,,0,0
274827,The Technological Society,Jacques Ellul,"Ellul, Jacques","John Wilkinson, Robert K. Merton","=""0394703901""","=""9780394703909""",5,Vintage Books,Mass Market Paperback,449,1964,1954,2024/10/12,2021/11/15,,,read,,,,1,0
1182422,Morality and Beyond,Paul Tillich,"Tillich, Paul",,"=""0664255647""","=""9780664255640""",0,Westminster John Knox Press,Paperback,104,1995,1966,,2024/10/10,on-the-bookshelf,on-the-bookshelf (#88),on-the-bookshelf,,,,0,0
162759,The Birth and Death of Meaning: An Interdisciplinary Perspective on the Problem of Man,Ernest Becker,"Becker, Ernest",,"=""0029021901""","=""9780029021903""",5,Free Press,Paperback,228,1971,1962,2024/10/10,2024/04/23,,,read,,,,1,0
77920745,A Day in the Life of Abed Salama: Anatomy of a Jerusalem Tragedy,Nathan Thrall,"Thrall, Nathan",,"=""1250854970""","=""9781250854971""",0,Metropolitan Books,Hardcover,272,2023,2023,,2024/10/10,to-read,to-read (#61),to-read,,,,0,0
61812417,Knowing What We Know: The Transmission of Knowledge: From Ancient Wisdom to Modern Magic,Simon Winchester,"Winchester, Simon",,"=""0063142880""","=""9780063142886""",0,Harper,Hardcover,432,2023,2023,,2024/10/06,to-read,to-read (#60),to-read,,,,0,0
34459,Metaphors We Live By,George Lakoff,"Lakoff, George",Mark  Johnson,"=""0226468011""","=""9780226468013""",0,University of Chicago Press,Paperback,276,2003,1980,,2024/04/28,on-the-bookshelf,on-the-bookshelf (#87),on-the-bookshelf,,,,0,0
114230,Bartleby the Scrivener,Herman Melville,"Melville, Herman",,"=""0974607800""","=""9780974607801""",4,Melville House,Paperback,64,2004,1853,2024/10/05,2024/10/01,,,read,,,,1,0
479669,The Fall,Simon Mawer,"Mawer, Simon",,"=""0349116520""","=""9780349116525""",3,Abacus,Paperback,442,2004,2003,2024/10/04,2024/10/02,,,read,,,,1,0
156188,Omensetter's Luck,William H. Gass,"Gass, William H.",,"=""0141180102""","=""9780141180106""",0,Penguin Classics,Paperback,315,1997,1966,,2024/09/03,on-the-bookshelf,on-the-bookshelf (#86),on-the-bookshelf,,,,0,0
25845273,The Great Divorce,C.S. Lewis,"Lewis, C.S.",,"=""""","=""""",5,HarperCollins,Paperback,146,2015,1946,2024/10/01,2024/09/30,,,read,,,,1,0
29430725,How to Talk So Little Kids Will Listen: A Survival Guide to Life with Children Ages 2-7,Joanna Faber,"Faber, Joanna",Julie King,"=""1501131656""","=""9781501131653""",0,Scribner,Hardcover,385,2017,2017,,2024/08/05,on-the-bookshelf,on-the-bookshelf (#85),on-the-bookshelf,,,,0,0
82660,Tonio Kröger,Thomas Mann,"Mann, Thomas",J. White,"=""185399345X""","=""9781853993459""",5,Bristol Classical Press,Paperback,128,1998,1903,2024/09/29,2024/08/17,,,read,,,,1,0
53061,Death in Venice,Thomas Mann,"Mann, Thomas","Michael Henry Heim, Michael Cunningham","=""0060576170""","=""9780060576172""",4,Ecco,Paperback,142,2005,1911,2024/09/28,2024/09/28,,,read,,,,1,0
6088007,"Neuromancer (Sprawl, #1)",William Gibson,"Gibson, William",Jack Womack,"=""""","=""""",4,Ace,Kindle Edition,268,2018,1984,2024/09/28,2024/07/02,,,read,,,,1,0
25825420,The Abolition of Man,C.S. Lewis,"Lewis, C.S.",,"=""""","=""""",4,HarperOne,Paperback,113,2015,1943,2024/09/23,2024/07/31,,,read,,,,1,0
9544,Owning Your Own Shadow: Understanding the Dark Side of the Psyche,Robert A. Johnson,"Johnson, Robert A.",,"=""0062507540""","=""9780062507549""",3,HarperSanFrancisco,Paperback,118,1994,1991,2024/09/21,2024/06/25,,,read,,,,1,0
62874229,The Nurture Revolution: Grow Your Baby’s Brain and Transform Their Mental Health through the Art of Nurtured Parenting,Greer Kirshenbaum,"Kirshenbaum, Greer",,"=""1538709333""","=""9781538709337""",3,Balance,Hardcover,336,2023,,2024/09/19,2024/09/15,,,read,,,,1,0
1051768,The Magic Mountain,Thomas Mann,"Mann, Thomas",,"=""0749386428""","=""9780749386429""",5,Vintage Classics,Paperback,729,1996,1924,2024/09/14,2024/06/18,,,read,,,,1,0
5304,De Profundis and Other Writings,Oscar Wilde,"Wilde, Oscar",Hesketh Pearson,"=""014043089X""","=""9780140430899""",0,Penguin Books,Paperback,252,1976,,,2021/04/14,on-the-bookshelf,on-the-bookshelf (#25),on-the-bookshelf,,,,0,0
730139,Gravity and Grace,Simone Weil,"Weil, Simone","Gustave Thibon, Emma Crawford, Mario von der Ruhr","=""0415290015""","=""9780415290012""",0,Routledge,Paperback,224,2002,1947,,2024/08/28,to-read,to-read (#59),to-read,,,,0,0
35511,Pathways to Bliss: Mythology and Personal Transformation,Joseph Campbell,"Campbell, Joseph",David Kudler,"=""""","=""""",5,New World Library,Hardcover,224,2004,2004,2024/08/20,2024/06/20,,,read,,,,1,0
46201,The Selected Poetry of Rainer Maria Rilke,Rainer Maria Rilke,"Rilke, Rainer Maria","Stephen Mitchell, Robert Hass","=""0679722017""","=""9780679722014""",0,Vintage,Paperback,356,1989,1926,,2024/08/16,to-read,to-read (#58),to-read,,,,0,0
331705,She: Understanding Feminine Psychology,Robert A. Johnson,"Johnson, Robert A.",,"=""0060963972""","=""9780060963972""",4,Harper Perennial,Paperback,96,1989,1976,2024/08/14,2024/08/14,,,read,,,,1,0
482105,Transformation: Understanding the Three Levels of Masculine Consciousness,Robert A. Johnson,"Johnson, Robert A.",,"=""0062505432""","=""9780062505439""",4,HarperOne,Paperback,128,1993,1991,2024/08/07,2024/06/25,,,read,,,,1,0
129272,Leaving My Father's House: A Journey to Conscious Femininity,Marion Woodman,"Woodman, Marion","Kate Danson, Mary Hamilton, Rita Greer Allen","=""0877738963""","=""9780877738961""",0,Shambhala,Paperback,400,1992,1992,,2024/08/06,to-read,to-read (#57),to-read,,,,0,0
362413,The Road to Mecca,Muhammad Asad,"Asad, Muhammad",,"=""1887752374""","=""9781887752374""",5,Fons Vitae,Paperback,375,2000,1954,2024/08/05,2024/04/29,,,read,,,,1,0
61661,The Varieties of Scientific Experience: A Personal View of the Search for God,Carl Sagan,"Sagan, Carl",Ann Druyan,"=""1594201072""","=""9781594201073""",0,"Penguin Press HC, The",Hardcover,284,2006,2006,,2024/08/03,to-read,to-read (#56),to-read,,,,0,0
53981,The Great Transformation: The Political and Economic Origins of Our Time,Karl Polanyi,"Polanyi, Karl",,"=""080705643X""","=""9780807056431""",0,Beacon Press,Paperback,360,2001,1944,,2024/07/31,to-read,to-read (#55),to-read,,,,0,0
11138,Mere Christianity,C.S. Lewis,"Lewis, C.S.",,"=""0684823780""","=""9780684823782""",0,Touchstone Books,Paperback,191,1996,1952,,2024/07/31,on-the-bookshelf,on-the-bookshelf (#84),on-the-bookshelf,,,,0,0
7063431,Islamic Mystical Poetry: Sufi Verse from the Early Mystics to Rumi (Penguin Classics),Mahmood Jamal,"Jamal, Mahmood",,"=""0140424733""","=""9780140424737""",0,Penguin Books,Paperback,336,2010,2009,,2024/07/29,on-the-bookshelf,on-the-bookshelf (#83),on-the-bookshelf,,,,0,0
424896,"Balancing Heaven and Earth: A Memoir of Visions, Dreams, and Realizations",Robert A. Johnson,"Johnson, Robert A.",Jerry M. Ruhl,"=""0062515063""","=""9780062515063""",5,HarperOne,Hardcover,320,1998,1998,2024/07/23,2024/06/19,,,read,,,,1,0
29100335,Essential Bukowski: Poetry,Charles Bukowski,"Bukowski, Charles",,"=""0062565281""","=""9780062565280""",0,Ecco,Hardcover,225,2016,2016,,2024/07/22,on-the-bookshelf,on-the-bookshelf (#82),on-the-bookshelf,,,,0,0
856602,Zen and the Psychology of Transformation: The Supreme Doctrine,Hubert Benoît,"Benoît, Hubert",,"=""0892812729""","=""9780892812721""",0,Inner Traditions,Paperback,264,1990,1990,,2024/07/20,to-read,to-read (#54),to-read,,,,0,0
588138,The Hero with a Thousand Faces,Joseph Campbell,"Campbell, Joseph",,"=""0691017840""","=""9780691017846""",5,Princeton University Press,Paperback,416,1972,1949,2024/07/19,2024/04/23,,,read,,,,1,0
28448694,The Journey of the Heroic Parent: Your Child's Struggle & The Road Home,Brad M. Reedy,"Reedy, Brad M.",,"=""1682450023""","=""9781682450024""",0,Regan Arts.,Paperback,256,2016,2015,,2024/07/10,to-read,to-read (#53),to-read,,,,0,0
74886356,A Life of Meaning: Relocating Your Center of Spiritual Gravity,James Hollis,"Hollis, James",,"=""1649630735""","=""9781649630735""",0,St. Martin's Essentials,Kindle Edition,186,2023,2023,,2024/07/06,on-the-bookshelf,on-the-bookshelf (#81),on-the-bookshelf,,,,0,0
153605,"The Pentagon of Power (The Myth of the Machine, Vol 2)",Lewis Mumford,"Mumford, Lewis",,"=""0156716100""","=""9780156716109""",0,"Harcour, Brace Jovanovich",Paperback,496,1974,1970,,2024/07/04,to-read,to-read (#52),to-read,,,,0,0
274826,Propaganda: The Formation of Men's Attitudes,Jacques Ellul,"Ellul, Jacques","Konrad Kellen, Jean Lerner","=""0394718747""","=""9780394718743""",0,Vintage,Paperback,352,1973,1962,,2024/07/04,to-read,to-read (#51),to-read,,,,0,0
99944,The Bhagavad Gita,Krishna-Dwaipayana Vyasa,"Vyasa, Krishna-Dwaipayana","Juan Mascaró, Simon Brodbeck","=""0140449183""","=""9780140449181""",5,Penguin,Paperback,160,2003,-400,2024/07/02,2024/06/20,,,read,,,,1,0
605684,War & War,László Krasznahorkai,"Krasznahorkai, László",George Szirtes,"=""0811216098""","=""9780811216098""",0,New Directions,Paperback,288,2006,1999,,2024/07/02,to-read,to-read (#50),to-read,,,,0,0
35513,A Joseph Campbell Companion: Reflections on the Art of Living,Joseph Campbell,"Campbell, Joseph","Robert Walter, Diane K. Osbon, Diane Osbon","=""0060926171""","=""9780060926175""",5,Harper Perennial,Paperback,320,1995,1991,2024/06/28,2024/04/23,,,read,,,,1,0
6553843,Hard Rain Falling,Don Carpenter,"Carpenter, Don",George P. Pelecanos,"=""1590173244""","=""9781590173244""",0,NYRB Classics,Paperback,308,2009,1966,,2024/06/28,to-read,to-read (#49),to-read,,,,0,0
11650,American Pastoral,Philip Roth,"Roth, Philip",,"=""""","=""""",0,Vintage,Paperback,432,1998,1997,,2024/06/23,to-read,to-read (#48),to-read,,,,0,0
124034693,White Holes,Carlo Rovelli,"Rovelli, Carlo",,"=""""","=""""",3,Riverhead Books,Hardcover,176,2023,2023,2024/06/23,2024/06/09,,,read,,,,1,0
110050,We: Understanding the Psychology of Romantic Love,Robert A. Johnson,"Johnson, Robert A.",,"=""0062504363""","=""9780062504364""",5,HarperOne,Paperback,204,2009,1983,2024/06/23,2024/01/20,,,read,,,,1,0
77265004,The Iliad,Homer,"Homer, Homer",Emily Wilson,"=""1324001801""","=""9781324001805""",0,W. W. Norton & Company,Hardcover,848,2023,-800,,2024/06/20,on-the-bookshelf,on-the-bookshelf (#80),on-the-bookshelf,,,,0,0
1381,The Odyssey,Homer,"Homer, Homer","Robert Fagles, Bernard Knox","=""0143039954""","=""9780143039952""",0,Penguin Classics ,Paperback,541,2006,-800,,2024/06/20,on-the-bookshelf,on-the-bookshelf (#79),on-the-bookshelf,,,,0,0
27308,The Spiral Staircase: My Climb Out of Darkness,Karen Armstrong,"Armstrong, Karen",,"=""0385721277""","=""9780385721271""",0,Knopf Doubleday Publishing Group,Paperback,306,2005,2004,,2024/06/20,on-the-bookshelf,on-the-bookshelf (#78),on-the-bookshelf,,,,0,0
28025,"The Myth of the Eternal Return or, Cosmos and History",Mircea Eliade,"Eliade, Mircea",Willard R. Trask,"=""0691017778""","=""9780691017778""",0,Princeton / Bollingen,Paperback,195,1974,1949,,2024/04/28,on-the-bookshelf,on-the-bookshelf (#77),on-the-bookshelf,,,,0,0
4950018,What Matters Most: Living a More Considered Life,James Hollis,"Hollis, James",,"=""1592404200""","=""9781592404209""",0,Gotham,Hardcover,288,2008,2008,,2024/06/13,on-the-bookshelf,on-the-bookshelf (#76),on-the-bookshelf,,,,0,0
75665931,The Maniac,Benjamín Labatut,"Labatut, Benjamín",,"=""0593654471""","=""9780593654477""",4,Penguin Press,Hardcover,368,2023,2023,2024/06/17,2024/05/21,,,read,,,,1,0
768148,The Water of Life: Initiation and the Tempering of the Soul,Michael Meade,"Meade, Michael",,"=""0976645041""","=""9780976645047""",0,GreenFire Press,Paperback,396,2019,2006,,2024/06/12,to-read,to-read (#47),to-read,,,,0,0
162332,The Sailor Who Fell from Grace with the Sea,Yukio Mishima,"Mishima, Yukio",John Nathan,"=""""","=""""",5,Vintage,Paperback,181,1994,1963,2024/06/10,2024/06/09,,,read,,,,1,0
17961,Collected Fictions,Jorge Luis Borges,"Borges, Jorge Luis",Andrew Hurley,"=""""","=""""",0,Penguin Classics,Paperback,565,1999,1998,,2024/04/19,on-the-bookshelf,on-the-bookshelf (#75),on-the-bookshelf,,,,0,0
180671,Ego and Archetype: Individuation and the Religious Function of the Psyche,Edward F. Edinger,"Edinger, Edward F.",,"=""""","=""""",3,Shambhala,Paperback,304,1992,1972,2024/06/07,2024/05/03,,,read,,,,1,0
6476509,The Invention of the Jewish People,Shlomo Sand,"Sand, Shlomo",Yael Lotan,"=""1844674223""","=""9781844674220""",0,Verso,Hardcover,332,2009,2008,,2024/05/28,on-the-bookshelf,on-the-bookshelf (#74),on-the-bookshelf,,,,0,0
823733,"The Creation of Consciousness: Jung's Myth for Modern Man (Studies in Jungian Psychology by Jungian Analysts, 14)",Edward F. Edinger,"Edinger, Edward F.",,"=""0919123139""","=""9780919123137""",0,Inner City Books,Paperback,128,1984,1984,,2024/06/05,to-read,to-read (#46),to-read,,,,0,0
669028,The Trickster and the Paranormal,George P. Hansen,"Hansen, George P.",,"=""1401000827""","=""9781401000820""",0,Xlibris US,Paperback,566,2001,2001,,2024/06/04,to-read,to-read (#45),to-read,,,,0,0
62069739,When We Cease to Understand the World,Benjamín Labatut,"Labatut, Benjamín",Adrian Nathan West,"=""""","=""""",5,New York Review Books,Kindle Edition,193,2022,2020,2024/06/01,2024/06/01,,,read,,,,1,0
53000876,Contact,Carl Sagan,"Sagan, Carl",,"=""""","=""""",5,Simon & Schuster,Kindle Edition,456,2016,1985,2024/05/30,2024/05/24,,,read,,,,1,0
27317,"Confucian Analects, The Great Learning & The Doctrine of the Mean",Confucius,"Confucius, Confucius",James Legge,"=""0486227464""","=""9780486227467""",0,Dover,Paperback,528,1971,2013,,2024/05/27,to-read,to-read (#44),to-read,,,,0,0
15820216,The Study Quran: A New Translation and Commentary,Seyyed Hossein Nasr,"Nasr, Seyyed Hossein","Caner K. Dagli, Maria Massi Dakake, Joseph E.B. Lumbard, Mohammed Rustom","=""0062227629""","=""9780062227621""",0,HarperOne,Unknown Binding,2048,2015,2015,,2024/02/23,on-the-bookshelf,on-the-bookshelf (#73),on-the-bookshelf,,,,1,0
23252362,Quran in English: Modern English Translation. Clear and Easy to Understand.,Talal Itani,"Itani, Talal",,"=""""","=""""",0,ClearQuran.Com,Kindle Edition,293,2014,2014,,2024/02/23,on-the-bookshelf,on-the-bookshelf (#72),on-the-bookshelf,,,,1,0
612188,"Memories, Dreams, Reflections",C.G. Jung,"Jung, C.G.","Clara Winston, Richard Winston, Aniela Jaffé","=""0679723951""","=""9780679723950""",4,Vintage,Paperback,430,1989,1962,2024/05/22,2024/04/29,,,read,,,,1,0
10638,The Road to Reality: A Complete Guide to the Laws of the Universe (Vintage),Roger Penrose,"Penrose, Roger",,"=""0679776311""","=""9780679776314""",0,Vintage,Paperback,1099,2007,2004,,2024/05/20,to-read,to-read (#43),to-read,,,,0,0
70535,"2001: A Space Odyssey (Space Odyssey, #1)",Arthur C. Clarke,"Clarke, Arthur C.",,"=""""","=""""",5,Roc,Paperback,297,2000,1968,2024/05/20,2024/05/20,,,read,,,,1,0
15916,The True Believer: Thoughts on the Nature of Mass Movements,Eric Hoffer,"Hoffer, Eric",,"=""0060505915""","=""9780060505912""",0,Harper Perennial Modern Classics,Paperback,177,2002,1951,,2024/05/18,to-read,to-read (#42),to-read,,,,0,0
589278,He: Understanding Masculine Psychology,Robert A. Johnson,"Johnson, Robert A.",,"=""0060963964""","=""9780060963965""",4,Harper Perennial,Paperback,83,1989,1974,2024/04/29,2024/04/29,,,read,,,,1,0
204773,Under Saturn's Shadow: The Wounding and Healing of Men,James Hollis,"Hollis, James",,"=""0919123643""","=""9780919123649""",5,Inner City Books,Paperback,144,1994,1994,2024/05/07,2024/05/03,,,read,,,,1,0
1404609,"The Problem of the Puer Aeternus (Studies in Jungian Psychology by Jungian Analysts, 87)",Marie-Louise von Franz,"Franz, Marie-Louise von",,"=""0919123880""","=""9780919123885""",0,Inner City Books,Paperback,288,2000,1970,,2024/05/03,to-read,to-read (#41),to-read,,,,0,0
123632,Man and His Symbols,C.G. Jung,"Jung, C.G.","Joseph L. Henderson, Aniela Jaffé, Jolande Jacobi, Marie-Louise von Franz, John    Freeman","=""0440351839""","=""9780440351832""",0,Dell,Mass Market Paperback,415,1968,1964,,2024/04/29,to-read,to-read (#40),to-read,,,,0,0
22478,The Origin of Consciousness in the Breakdown of the Bicameral Mind,Julian Jaynes,"Jaynes, Julian",,"=""0618057072""","=""9780618057078""",0,Mariner Books,Paperback,491,2000,1976,,2024/04/28,to-read,to-read (#39),to-read,,,,0,0
22545857,The Worm at the Core: On the Role of Death in Life,Sheldon Solomon,"Solomon, Sheldon","Jeff Greenberg, Tom Pyszczynski","=""1400067472""","=""9781400067473""",0,Random House,Hardcover,274,2015,,,2024/04/28,to-read,to-read (#38),to-read,,,,0,0
162757,Escape from Evil,Ernest Becker,"Becker, Ernest",,"=""0029024501""","=""9780029024508""",5,Free Press,Paperback,208,1985,1975,2024/04/28,2024/04/23,,,read,,,,1,0
5131,The Perennial Philosophy,Aldous Huxley,"Huxley, Aldous",,"=""006057058X""","=""9780060570583""",0,Harper Perennial Modern Classics,Paperback,336,2004,1945,,2024/04/27,to-read,to-read (#37),to-read,,,,0,0
821380,Myths to Live By,Joseph Campbell,"Campbell, Joseph",Johnson E. Fairchild,"=""0140194614""","=""9780140194616""",4,Penguin Compass,Paperback,276,1993,1972,2024/04/25,2024/03/28,,,read,,,,1,0
5907,"The Hobbit, or There and Back Again",J.R.R. Tolkien,"Tolkien, J.R.R.","Douglas A. Anderson, Michael Hague, Jemima Catlin","=""""","=""""",4,Houghton Mifflin,Paperback,366,2002,1937,2024/04/23,2024/04/17,,,read,,,,1,0
34272476,Devotions: The Selected Poems of Mary Oliver,Mary Oliver,"Oliver, Mary",,"=""0399563245""","=""9780399563249""",4,Penguin Press,Hardcover,456,2017,2017,2024/04/19,2024/01/12,,,read,,,,1,0
175141,The Courage to Be,Paul Tillich,"Tillich, Paul",,"=""0300084714""","=""9780300084719""",3,Yale University Press,Paperback,200,2000,1952,2024/04/16,2024/04/15,,,read,,,,1,0
530114,"""Believing Women"" in Islam: Unreading Patriarchal Interpretations of the Qur'an",Asma Barlas,"Barlas, Asma",,"=""0292709048""","=""9780292709041""",0,Univ of Texas Pr,Paperback,274,2002,2002,,2024/04/15,to-read,to-read (#36),to-read,,,,0,0
35519,The Power of Myth,Joseph Campbell,"Campbell, Joseph",Bill Moyers,"=""0385418868""","=""9780385418867""",0,Anchor,Paperback,293,1988,1988,,2024/04/13,on-the-bookshelf,on-the-bookshelf (#71),on-the-bookshelf,,,,0,0
579455,Inner Work: Using Dreams and Active Imagination for Personal Growth,Robert A. Johnson,"Johnson, Robert A.",,"=""0062504312""","=""9780062504319""",5,HarperOne,Paperback,221,1989,1986,2024/04/13,2024/04/08,,,read,,,,1,0
2761,The Denial of Death,Ernest Becker,"Becker, Ernest",Sam Keen,"=""""","=""""",5,Free Press,Paperback,336,1997,1973,2024/04/07,2024/03/30,,,read,,,,1,0
166997,Stoner,John  Williams,"Williams, John",John McGahern,"=""1590171993""","=""9781590171998""",5,New York Review Books,Paperback,292,2006,1965,2024/04/05,2024/04/02,,,read,,,,1,0
182733784,Nuclear War: A Scenario,Annie Jacobsen,"Jacobsen, Annie",,"=""0593476093""","=""9780593476093""",0,Dutton,Hardcover,373,2024,2024,,2024/04/05,to-read,to-read (#35),to-read,,,,0,0
665852,Man's Search for Himself,Rollo May,"May, Rollo",,"=""0285621378""","=""9780285621374""",0,Souvenir Press Ltd ,Paperback,284,1982,1953,,2024/02/28,on-the-bookshelf,on-the-bookshelf (#70),on-the-bookshelf,,,,0,0
144925,Muhammad: His Life Based on the Earliest Sources,Martin Lings,"Lings, Martin",,"=""1594771537""","=""9781594771538""",0,Inner Traditions,Paperback,384,2006,1983,,2024/02/23,on-the-bookshelf,on-the-bookshelf (#69),on-the-bookshelf,,,,0,0
495614,Four Archetypes,C.G. Jung,"Jung, C.G.",R.F.C. Hull,"=""0415304415""","=""9780415304412""",3,Routledge,Paperback,201,2004,1970,2024/03/29,2024/03/27,,,read,,,,1,0
21182,The Wisdom of Life,Arthur Schopenhauer,"Schopenhauer, Arthur",T. Bailey Saunders,"=""0486435504""","=""9780486435503""",0,Dover Publications,Paperback,77,2004,1851,,2024/03/29,to-read,to-read (#34),to-read,,,,0,0
646175,Modern Man in Search of a Soul,C.G. Jung,"Jung, C.G.","W.S. Dell, Cary F. Baynes","=""""","=""""",4,Harcourt ,Paperback,244,1955,1931,2024/03/27,2021/06/29,,,read,,,,1,0
55964507,Reflecting on the Names of Allah,Jinan Yousef,"Yousef, Jinan",,"=""9672420536""","=""9789672420538""",0,AL- BURUJ PRESS,Paperback,558,2020,,,2024/03/25,to-read,to-read (#33),to-read,,,,0,0
5506283,We Become What We Worship: A Biblical Theology of Idolatry,Gregory K. Beale,"Beale, Gregory K.",,"=""083082877X""","=""9780830828777""",0,IVP Academic,Paperback,341,2008,2008,,2024/03/22,on-the-bookshelf,on-the-bookshelf (#68),on-the-bookshelf,,,,0,0
59112558,Veteranhood: Rage and Hope in British Ex-Military Life,Joe Glenton,"Glenton, Joe",,"=""1913462455""","=""9781913462451""",3,Repeater,Paperback,250,2021,2021,2024/03/22,2021/11/15,,,read,,,,1,0
44492285,Dune Messiah (Dune #2),Frank Patrick Herbert,"Herbert, Frank Patrick",Brian Herbert,"=""0593098234""","=""9780593098233""",3,Ace,Mass Market Paperback,336,2019,1969,2024/03/21,2024/03/19,,,read,,,,1,0
25772375,"Dune (Dune, #1)",Frank Patrick Herbert,"Herbert, Frank Patrick",,"=""0340960191""","=""9780340960196""",5,Hodder,Paperback,577,2015,1965,2020/07/31,2020/07/31,,,read,,,,2,0
432223,This is It and Other Essays on Zen and Spiritual Experience,Alan W. Watts,"Watts, Alan W.",,"=""0394719042""","=""9780394719047""",3,Vintage,Unknown Binding,158,1973,1960,2024/03/16,2024/03/15,,,read,,,,1,0
41069,Stand on Zanzibar,John Brunner,"Brunner, John",,"=""1857988361""","=""9781857988369""",3,Gollancz,Paperback,672,1999,1968,2024/03/14,2023/06/14,,,read,,,,1,0
331256,Roadside Picnic,Arkady Strugatsky,"Strugatsky, Arkady","Boris Strugatsky, Theodore Sturgeon, Antonina W. Bouis","=""0575070536""","=""9780575070530""",5,Gollancz,Paperback,145,2000,1972,2024/03/09,2024/03/06,,,read,,,,1,0
15958503,Reflections,Charles Le Gai Eaton,"Eaton, Charles Le Gai",,"=""1903682827""","=""9781903682821""",4,Islamic Texts Society,Paperback,184,2013,2013,2024/03/08,2024/02/23,,,read,,,,1,0
88432,Life and Fate,Vasily Grossman,"Grossman, Vasily",,"=""""","=""""",0,Vintage Classics,Paperback,864,2006,1960,,2023/12/29,on-the-bookshelf,on-the-bookshelf (#67),on-the-bookshelf,,,,0,0
683887,King of the Castle: Choice and Responsibility in the Modern World (Islamic Texts Society),Charles Le Gai Eaton,"Eaton, Charles Le Gai",,"=""0946621217""","=""9780946621217""",4,Islamic Texts Society,Paperback,216,1999,1977,2024/03/05,2024/02/23,,,read,,,,1,0
205218,Ethics,Baruch Spinoza,"Spinoza, Baruch","Stuart Hampshire, Edwin M. Curley","=""0140435719""","=""9780140435719""",0,Penguin Classics,Paperback,186,2005,1677,,2024/02/28,to-read,to-read (#32),to-read,,,,0,0
717107,Remembering God : Reflections on Islam,Charles Le Gai Eaton,"Eaton, Charles Le Gai",,"=""193063708X""","=""9781930637085""",4,"Kazi Publications, Inc.",Paperback,256,2000,2000,2024/02/19,2024/02/04,,,read,,,,1,0
79325,Islam and the Destiny of Man,Charles Le Gai Eaton,"Eaton, Charles Le Gai",,"=""088706163X""","=""9780887061639""",5,State University of New York Press,Paperback,256,1985,1985,2024/02/12,2021/12/28,,,read,,,,1,0
12051,Their Heads are Green and Their Hands are Blue: Scenes from the Non-Christian World,Paul Bowles,"Bowles, Paul",Edmund White,"=""0061137375""","=""9780061137372""",0,EccoPress,Paperback,240,2006,1957,,2024/02/08,to-read,to-read (#31),to-read,,,,0,0
123845,Self-Reliance and Other Essays (Dover Thrift Editions: Philosophy),Ralph Waldo Emerson,"Emerson, Ralph Waldo",,"=""0486277909""","=""9780486277905""",4,Dover Publications,Paperback,117,1993,1844,2024/01/29,2024/01/29,,,read,,,,1,0
1772910,White Nights,Fyodor Dostoyevsky,"Dostoyevsky, Fyodor",Olga Shartse,"=""""","=""""",4,,Paperback,82,1848,1848,2024/01/20,2024/01/19,,,read,,,,1,0
16640,The Sorrows of Young Werther,Johann Wolfgang von Goethe,"Goethe, Johann Wolfgang von","Burton Pike, R. Dillon Boylan, Elizabeth Wolff Mayer","=""0812969901""","=""9780812969900""",4,Modern Library,Paperback,149,2005,1774,2024/01/17,2024/01/14,,,read,,,,1,0
48635408,Men Who Hate Women: The Extremism Nobody is Talking About,Laura Bates,"Bates, Laura",,"=""""","=""""",4,Simon & Schuster UK,Kindle Edition,366,2020,2020,2024/01/14,2023/07/03,,,read,,,,1,0
415816,Above the River: The Complete Poems,James Wright,"Wright, James",Donald Hall,"=""0374522820""","=""9780374522827""",0,"Farrar, Straus and Giroux",Paperback,432,1992,1990,,2024/01/14,on-the-bookshelf,on-the-bookshelf (#66),on-the-bookshelf,,,,0,0
1547992,Selected Poems,Pablo Neruda,"Neruda, Pablo","Nathaniel Tarn, Anthony Kerrigan, W.S. Merwin, Alastair Reid","=""0613365771""","=""9780613365772""",0,San Val,Library Binding,508,1990,1949,,2024/01/12,on-the-bookshelf,on-the-bookshelf (#65),on-the-bookshelf,,,,0,0
54304028,"Hunt, Gather, Parent: What Ancient Cultures Can Teach Us About the Lost Art of Raising Happy, Helpful Little Humans",Michaeleen Doucleff,"Doucleff, Michaeleen",,"=""1982149671""","=""9781982149673""",2,Avid Reader Press / Simon & Schuster,Hardcover,352,2021,2021,2024/01/11,2024/01/11,,,read,,,,1,0
9592,Mother Night,Kurt Vonnegut Jr.,"Jr., Kurt Vonnegut",,"=""0385334141""","=""9780385334143""",4,Dial Press,Paperback,288,1999,1961,2024/01/02,2023/12/29,,,read,,,,1,0
457228,Butcher's Crossing,John  Williams,"Williams, John",Michelle Latiolais,"=""1590171985""","=""9781590171981""",5,New York Review Books,Paperback,274,2007,1960,2023/12/31,2023/12/29,,,read,,,,1,0
21913812,This Changes Everything: Capitalism vs. The Climate,Naomi Klein,"Klein, Naomi",,"=""1451697384""","=""9781451697384""",0,Simon & Schuster,Hardcover,566,2014,2014,,2021/01/01,on-the-bookshelf,on-the-bookshelf (#64),on-the-bookshelf,,,,0,0
80449,On the Genealogy of Morals,Friedrich Nietzsche,"Nietzsche, Friedrich",Douglas Smith,"=""019283617X""","=""9780192836175""",0,Oxford University Press,Paperback,208,1999,1887,,2021/05/27,on-the-bookshelf,on-the-bookshelf (#63),on-the-bookshelf,,,,0,0
18912,The Sublime Object of Ideology,Slavoj Žižek,"Žižek, Slavoj",,"=""0860919714""","=""9780860919711""",0,Verso,Paperback,256,1989,1989,,2021/03/08,on-the-bookshelf,on-the-bookshelf (#62),on-the-bookshelf,,,,0,0
1124178,Beast and Man,Mary Midgley,"Midgley, Mary",,"=""0415289874""","=""9780415289870""",0,Routledge,Paperback,366,2002,1978,,2021/07/01,on-the-bookshelf,on-the-bookshelf (#61),on-the-bookshelf,,,,0,0
4406,East of Eden,John Steinbeck,"Steinbeck, John",,"=""0142000655""","=""9780142000656""",0,Penguin Books,Paperback,601,2002,1952,,2022/07/22,on-the-bookshelf,on-the-bookshelf (#60),on-the-bookshelf,,,,0,0
434903,The Rings of Saturn,W.G. Sebald,"Sebald, W.G.",Michael Hulse,"=""0811214133""","=""9780811214131""",5,New Directions,Paperback,296,1999,1995,2023/11/16,2023/06/12,,,read,,,,1,0
1824325,You Shall Be as Gods: A Radical Interpretation of the Old Testament and Its Traditions,Erich Fromm,"Fromm, Erich",,"=""0449307638""","=""9780449307632""",4,"Fawcett Publications, Inc. (Greenwich, CT)",Mass Market Paperback,191,1986,1966,2023/11/16,2021/12/26,,,read,,,,1,0
5107,The Catcher in the Rye,J.D. Salinger,"Salinger, J.D.",,"=""0316769177""","=""9780316769174""",3,Back Bay Books,Paperback,277,2001,1951,2023/11/16,2023/11/16,,,read,,,,1,0
18373,Flowers for Algernon,Daniel Keyes,"Keyes, Daniel",,"=""015603008X""","=""9780156030083""",4,Harvest Books,Paperback,311,2004,1966,2020/07/31,2023/08/23,,,read,,,,2,0
337427,Nietzsche and the Vicious Circle,Pierre Klossowski,"Klossowski, Pierre",Daniel W. Smith,"=""0826477194""","=""9780826477194""",0,Bloomsbury Academic,Paperback,240,2005,1969,,2022/02/03,on-the-bookshelf,on-the-bookshelf (#59),on-the-bookshelf,,,,0,0
27833494,Dark Money: The Hidden History of the Billionaires Behind the Rise of the Radical Right,Jane Mayer,"Mayer, Jane",,"=""""","=""""",0,Doubleday,ebook,464,2016,2016,,2022/03/02,on-the-bookshelf,on-the-bookshelf (#58),on-the-bookshelf,,,,0,0
58537332,"The Myth of Normal: Trauma, Illness, and Healing in a Toxic Culture",Gabor Maté,"Maté, Gabor",Daniel Maté,"=""0593083881""","=""9780593083888""",5,Avery,Hardcover,576,2022,2022,2023/06/16,2023/06/16,,,read,,,,1,0
17601,"The Will to Change: Men, Masculinity, and Love",bell hooks,"hooks, bell",,"=""0743456084""","=""9780743456081""",4,Washington Square Press,Paperback,208,2004,2003,2023/06/03,2022/01/07,,,read,,,,1,0
17349,The Demon-Haunted World: Science as a Candle in the Dark,Carl Sagan,"Sagan, Carl",Ann Druyan,"=""0345409469""","=""9780345409461""",4,Ballantine Books,Paperback,459,1997,1995,2023/03/09,2023/03/09,,,read,,,,1,0
39899253,Scattered Minds: The Origins and Healing of Attention Deficit Disorder,Gabor Maté,"Maté, Gabor",,"=""1785042211""","=""9781785042218""",0,Vermilion,Paperback,368,2019,1999,,2022/09/14,to-read,to-read (#30),to-read,,,,0,0
17852736,Cracked: Why Psychiatry is Doing More Harm Than Good,James Davies,"Davies, James",,"=""1848315562""","=""9781848315563""",0,Icon Books,Paperback,336,2013,2013,,2022/09/10,to-read,to-read (#29),to-read,,,,0,0
52036,Siddhartha,Hermann Hesse,"Hesse, Hermann",Hilda Rosner,"=""""","=""""",5,Bantam Books,Mass Market Paperback,152,1981,1922,2022/07/18,2022/07/18,,,read,,,,1,0
529626,Sometimes a Great Notion,Ken Kesey,"Kesey, Ken",,"=""0140045295""","=""9780140045291""",5,Penguin Books,Paperback,628,1977,1964,2022/07/02,2021/04/07,,,read,,,,1,0
37004370,The Memory Police,Yōko Ogawa,"Ogawa, Yōko",Stephen    Snyder,"=""1101870605""","=""9781101870600""",3,Pantheon,Hardcover,274,2019,1994,2022/04/21,2022/04/21,,,read,,,,1,0
40495148,Blindness,José Saramago,"Saramago, José",Giovanni Pontiero,"=""""","=""""",4,Mariner Books,Kindle Edition,349,2013,1995,2022/03/27,2021/06/06,,,read,,,,1,0
13722422,Britannia Unchained: Global Lessons for Growth and Prosperity,Kwasi Kwarteng,"Kwarteng, Kwasi","Priti Patel, Dominic Raab, Chris Skidmore, Elizabeth Truss","=""1137032235""","=""9781137032232""",1,Palgrave Macmillan,Paperback,151,2012,2012,2022/03/18,2022/03/18,,,read,,,,1,0
12621,Understanding Power : The Indispensable Chomsky,Noam Chomsky,"Chomsky, Noam",,"=""0099466066""","=""9780099466062""",5,Random House,Paperback,416,2003,2002,2022/03/16,2022/03/01,,,read,,,,1,0
59924,The Lathe of Heaven,Ursula K. Le Guin,"Guin, Ursula K. Le",,"=""0060512741""","=""9780060512743""",5,Harper Perennial Modern Classics,Paperback,176,2003,1971,2021/01/06,2021/01/04,,,read,,,,2,0
418471,Modernity and the Holocaust,Zygmunt Bauman,"Bauman, Zygmunt",,"=""0801487196""","=""9780801487194""",0,Cornell University Press,Paperback,254,2002,1989,,2022/02/07,on-the-bookshelf,on-the-bookshelf (#57),on-the-bookshelf,,,,0,0
49095586,Calling Bullshit,Carl T. Bergstrom,"Bergstrom, Carl T.",Jevin D. West,"=""0241438101""","=""9780241438107""",5,ALLEN LANE,Paperback,318,2020,2020,2022/02/04,2021/06/18,,,read,,,,1,0
17673948,"The Idea of Hegel's ""Science of Logic""",Stanley Rosen,"Rosen, Stanley",,"=""022606588X""","=""9780226065885""",0,University of Chicago Press,Hardcover,520,2013,2013,,2022/02/04,to-read,to-read (#28),to-read,,,,0,0
706554,Beyond the Pleasure Principle,Sigmund Freud,"Freud, Sigmund","James Strachey, C.J.M. Hubback","=""0393007693""","=""9780393007695""",3,W.W. Norton & Company,Paperback,92,1990,1920,2022/02/01,2022/01/31,,,read,,,,1,0
42801015,Emancipation After Hegel: Achieving a Contradictory Revolution,Todd McGowan,"McGowan, Todd",,"=""0231192703""","=""9780231192705""",5,Columbia University Press,Hardcover,288,2019,,2022/01/31,2021/07/07,,,read,,,,1,0
1273640,"The Future of Hegel: Plasticity, Temporality and Dialectic",Catherine Malabou,"Malabou, Catherine",,"=""0415287219""","=""9780415287210""",0,Routledge,Paperback,296,2004,1996,,2022/01/30,to-read,to-read (#27),to-read,,,,0,0
74034,Amusing Ourselves to Death: Public Discourse in the Age of Show Business,Neil Postman,"Postman, Neil",Andrew Postman,"=""014303653X""","=""9780143036531""",0,Penguin Books,Paperback,184,2005,1985,,2022/01/28,to-read,to-read (#26),to-read,,,,0,0
328766,A Kestrel for a Knave,Barry Hines,"Hines, Barry",Gareth Bennett-Ryan,"=""0141184981""","=""9780141184982""",5,Penguin ,Paperback,208,2000,1968,2022/01/26,2022/01/22,,,read,,,,1,0
6572270,Bloodlands: Europe Between Hitler and Stalin,Timothy Snyder,"Snyder, Timothy",,"=""0465002390""","=""9780465002399""",0,Basic Books,Hardcover,524,2010,2010,,2022/01/25,on-the-bookshelf,on-the-bookshelf (#56),on-the-bookshelf,,,,0,0
14142,The Art of Loving,Erich Fromm,"Fromm, Erich",,"=""0061129739""","=""9780061129735""",4,Harper Perennial Modern Classics,Paperback,180,2006,1956,2022/01/24,2021/08/02,,,read,,,,1,0
40718037,Man for Himself: An Inquiry Into the Psychology of Ethics,Erich Fromm,"Fromm, Erich",,"=""""","=""""",0,Open Road Media,Kindle Edition,257,2013,1947,,2022/01/19,on-the-bookshelf,on-the-bookshelf (#55),on-the-bookshelf,,,,0,0
3272165,Bad Science,Ben Goldacre,"Goldacre, Ben",,"=""0007240198""","=""9780007240197""",0,HarperCollins Publishers,Paperback,338,2008,2008,,2022/01/19,on-the-bookshelf,on-the-bookshelf (#54),on-the-bookshelf,,,,0,0
34466963,Why We Sleep: Unlocking the Power of Sleep and Dreams,Matthew Walker,"Walker, Matthew",,"=""""","=""""",3,Scribner,Hardcover,368,2017,2017,2022/01/18,2021/12/14,,,read,,,,1,0
127227,The Human Condition,Hannah Arendt,"Arendt, Hannah",Margaret Canovan,"=""0226025985""","=""9780226025988""",0,The University of Chicago Press,Paperback,349,1998,1958,,2022/01/11,to-read,to-read (#25),to-read,,,,0,0
43997538,The Renaissance Diet 2.0 (Renaissance Periodization Book 2),Mike Israetel,"Israetel, Mike","Melissa  Davis, Jen Case​​, James  Hoffmann, Rich Froning","=""""","=""""",5,Renaissance Periodization,Kindle Edition,265,2019,,2022/01/08,2021/12/29,,,read,,,,1,0
31850791,In the Swarm: Digital Prospects,Byung-Chul Han,"Han, Byung-Chul",Erik Butler,"=""0262533367""","=""9780262533362""",0,The MIT Press,Paperback,104,2017,2013,,2022/01/06,on-the-bookshelf,on-the-bookshelf (#53),on-the-bookshelf,,,,0,0
9717,The Unbearable Lightness of Being,Milan Kundera,"Kundera, Milan",Michael Henry Heim,"=""0571224385""","=""9780571224388""",0,Harper Perennial,Paperback,314,2009,1984,,2021/08/06,on-the-bookshelf,on-the-bookshelf (#52),on-the-bookshelf,,,,0,0
185168,Empire of Capital,Ellen Meiksins Wood,"Wood, Ellen Meiksins",,"=""1859845029""","=""9781859845028""",4,Verso,Hardcover,184,2003,2003,2022/01/03,2021/05/26,,,read,,,,1,0
50892327,"Count Down: How Our Modern World Is Threatening Sperm Counts, Altering Male and Female Reproductive Development, and Imperiling the Future of the Human Race",Shanna H. Swan,"Swan, Shanna H.",Stacey Colino,"=""1982113669""","=""9781982113667""",4,Scribner,Hardcover,304,2021,2021,2021/12/28,2021/10/15,,,read,,,,1,0
18915,"The Fragile Absolute: Or, Why is the Christian Legacy Worth Fighting For?",Slavoj Žižek,"Žižek, Slavoj",,"=""1859843263""","=""9781859843260""",0,Verso,Paperback,188,2001,2000,,2021/12/26,to-read,to-read (#24),to-read,,,,0,0
41104077,Invisible Women: Data Bias in a World Designed for Men,Caroline Criado Pérez,"Pérez, Caroline Criado",,"=""1419729071""","=""9781419729072""",0,Abrams Press,Hardcover,448,2019,2019,,2021/12/26,on-the-bookshelf,on-the-bookshelf (#51),on-the-bookshelf,,,,0,0
25490,To Have or to Be? The Nature of the Psyche,Erich Fromm,"Fromm, Erich",,"=""0826417388""","=""9780826417381""",4,Bloomsbury Academic,Paperback,182,2005,1976,2021/12/16,2021/12/16,,,read,,,,1,0
55644795,"Rentier Capitalism: Who Owns the Economy, and Who Pays for It?",Brett Christophers,"Christophers, Brett",,"=""1788739744""","=""9781788739740""",0,Verso,Kindle Edition,632,2020,,,2021/11/16,to-read,to-read (#23),to-read,,,,0,0
87665,Orthodoxy,G.K. Chesterton,"Chesterton, G.K.",,"=""160096527X""","=""9781600965272""",0,Waking Lion Press,Paperback,168,2007,1908,,2021/11/06,to-read,to-read (#22),to-read,,,,0,0
7662339,"The Road: Stories, Journalism, and Essays",Vasily Grossman,"Grossman, Vasily","Robert Chandler, Elizabeth Chandler, Olga Mukovnikova","=""1590173619""","=""9781590173619""",5,NYRB Classics,Paperback,384,2010,1987,2021/11/04,2021/11/01,,,read,,,,1,0
50364458,The Tyranny of Merit: What's Become of the Common Good?,Michael J. Sandel,"Sandel, Michael J.",,"=""0241407605""","=""9780241407608""",4,Allen Lane,Paperback,272,2020,2020,2021/10/31,2021/05/31,,,read,,,,1,0
57751566,Sedated: How Modern Capitalism Created our Mental Health Crisis,James Davies,"Davies, James",,"=""1786499843""","=""9781786499844""",5,Atlantic Books,Hardcover,400,2021,2021,2021/10/19,2021/10/12,,,read,,,,1,0
197327,Imperial Reckoning: The Untold Story of Britain's Gulag in Kenya,Caroline Elkins,"Elkins, Caroline",,"=""0805080015""","=""9780805080018""",0,Owl Books,Paperback,496,2005,2005,,2021/10/17,to-read,to-read (#21),to-read,,,,0,0
366536,Evolution as a Religion (Routledge Classics),Mary Midgley,"Midgley, Mary",,"=""0415278333""","=""9780415278331""",4,Routledge,Paperback,224,2002,1985,2021/10/10,2021/07/01,,,read,,,,1,0
49247043,This Is How They Tell Me the World Ends: The Cyberweapons Arms Race,Nicole Perlroth,"Perlroth, Nicole",,"=""1635576059""","=""9781635576054""",0,Bloomsbury Publishing,Hardcover,528,2021,2021,,2021/08/28,to-read,to-read (#20),to-read,,,,0,0
38212112,The Culture of Narcissism: American Life in An Age of Diminishing Expectations,Christopher Lasch,"Lasch, Christopher",,"=""0393356175""","=""9780393356175""",0,W. W. Norton & Company,Paperback,368,2018,1978,,2021/08/19,to-read,to-read (#19),to-read,,,,0,0
7623692,The Age of Absurdity: Why Modern Life makes it Hard to be Happy,Michael Foley,"Foley, Michael",,"=""1847375243""","=""9781847375247""",0,Simon & Schuster,Paperback,240,2010,2010,,2021/04/17,on-the-bookshelf,on-the-bookshelf (#50),on-the-bookshelf,,,,0,0
54626107,"Border and Rule: Global Migration, Capitalism, and the Rise of Racist Nationalism",Harsha Walia,"Walia, Harsha","Robin D.G. Kelley, Nick Estes","=""1642592692""","=""9781642592696""",0,Haymarket Books,Paperback,200,2021,2021,,2021/08/02,to-read,to-read (#18),to-read,,,,0,0
41817486,A Clockwork Orange,Anthony Burgess,"Burgess, Anthony",,"=""0393341763""","=""9780393341768""",0,W. W. Norton & Company,Paperback,240,2019,1962,,2021/08/02,on-the-bookshelf,on-the-bookshelf (#49),on-the-bookshelf,,,,0,0
2784,Ways of Seeing,John Berger,"Berger, John",,"=""0140135154""","=""9780140135152""",0,Penguin,Paperback,176,1990,1972,,2021/08/02,on-the-bookshelf,on-the-bookshelf (#48),on-the-bookshelf,,,,0,0
39803561,The Paper Menagerie,Ken Liu,"Liu, Ken",,"=""""","=""""",5,Gizmodo,ebook,32,2016,2011,2021/06/26,2021/06/25,,,read,,,,1,0
40717990,The Sane Society,Erich Fromm,"Fromm, Erich",,"=""""","=""""",0,Open Road Media,Kindle Edition,386,2013,1955,,2021/07/04,on-the-bookshelf,on-the-bookshelf (#47),on-the-bookshelf,,,,0,0
8890989,Churchill's Secret War: The British Empire and the Ravaging of India During World War II,Madhusree Mukerjee,"Mukerjee, Madhusree",,"=""046502260X""","=""9780465022601""",0,Basic Books,Kindle Edition,0,2010,2008,,2021/07/22,to-read,to-read (#17),to-read,,,,0,0
8031168,"Delusions of Gender: How Our Minds, Society, and Neurosexism Create Difference",Cordelia Fine,"Fine, Cordelia",,"=""0393068382""","=""9780393068382""",4,W.W. Norton & Company,Hardcover,338,2010,2010,2021/07/21,2021/04/08,,,read,,,,1,0
1143788,How to Talk About Books You Haven't Read,Pierre Bayard,"Bayard, Pierre",,"=""1596914696""","=""9781596914698""",0,Bloomsbury,Hardcover,185,2007,2020,,2021/07/21,to-read,to-read (#16),to-read,,,,0,0
474203,The Fear of Freedom,Erich Fromm,"Fromm, Erich",,"=""0415253888""","=""9780415253888""",5,Routledge,Paperback,256,2012,1941,2021/07/11,2021/05/26,,,read,,,,1,0
331460,The Psychic Life of Power: Theories in Subjection,Judith Butler,"Butler, Judith",,"=""0804728127""","=""9780804728126""",0,Stanford University Press,Paperback,230,1997,1997,,2021/07/07,to-read,to-read (#15),to-read,,,,0,0
53092,Society of the Spectacle,Guy Debord,"Debord, Guy",Ken Knabb,"=""0946061122""","=""9780946061129""",0,Rebel Press,Paperback,124,2005,1967,,2021/01/08,on-the-bookshelf,on-the-bookshelf (#46),on-the-bookshelf,,,,0,0
880378,The Autobiography of Benvenuto Cellini,Benvenuto Cellini,"Cellini, Benvenuto",George Bull,"=""0140447180""","=""9780140447187""",0,Penguin Classics,Paperback,465,1999,1558,,2021/01/01,on-the-bookshelf,on-the-bookshelf (#45),on-the-bookshelf,,,,0,0
53054943,The Jakarta Method: Washington's Anticommunist Crusade and the Mass Murder Program that Shaped Our World,Vincent Bevins,"Bevins, Vincent",,"=""1541742400""","=""9781541742406""",0,PublicAffairs,Hardcover,320,2020,2020,,2021/07/03,to-read,to-read (#14),to-read,,,,0,0
7039129,The Politics of Psychoanalysis: An Introduction to Freudian and Post-Freudian Theory,Stephen Frosh,"Frosh, Stephen",,"=""081472700X""","=""9780814727003""",5,NYU Press,Paperback,1,1999,1987,2021/07/02,2021/04/21,,,read,,,,1,0
29214420,Doughnut Economics: Seven Ways to Think Like a 21st-Century Economist,Kate Raworth,"Raworth, Kate",,"=""1847941389""","=""9781847941381""",0,UNKNO,Paperback,384,2017,2017,,2021/06/27,to-read,to-read (#13),to-read,,,,0,0
37758635,Fully Automated Luxury Communism: A Manifesto,Aaron Bastani,"Bastani, Aaron",,"=""1786632624""","=""9781786632623""",2,Verso,Hardcover,278,2019,2018,2021/06/24,2021/06/23,,,read,,,,1,0
5692,Crime and Punishment,Fyodor Dostoevsky,"Dostoevsky, Fyodor","Richard Pevear, Larissa Volokhonsky","=""""","=""""",5,Vintage Books,Paperback,564,1998,1866,2021/06/22,2021/01/01,,,read,,,,1,0
40163368,"The Inner Level: How More Equal Societies Reduce Stress, Restore Sanity and Improve Everyone's Well-Being",Richard G. Wilkinson,"Wilkinson, Richard G.",Kate E. Pickett,"=""0525561226""","=""9780525561224""",0,Penguin Press,Hardcover,352,2019,2018,,2021/06/21,to-read,to-read (#12),to-read,,,,0,0
41160292,Exhalation,Ted Chiang,"Chiang, Ted",,"=""""","=""""",0,Knopf,ebook,368,2019,2019,,2021/06/17,to-read,to-read (#11),to-read,,,,0,0
29380,Animal Liberation,Peter Singer,"Singer, Peter",,"=""0060011572""","=""9780060011574""",0,Ecco Press,Paperback,324,2001,1975,,2021/06/17,to-read,to-read (#10),to-read,,,,0,0
31171856,Ten Myths About Israel,Ilan Pappé,"Pappé, Ilan",,"=""1786630192""","=""9781786630193""",4,Verso,Paperback,192,2017,2017,2021/06/15,2021/06/14,,,read,,,,1,0
36646716,Shanzhai: Deconstruction in Chinese,Byung-Chul Han,"Han, Byung-Chul",,"=""""","=""""",0,The MIT Press,Kindle Edition,73,2017,2011,,2021/06/15,to-read,to-read (#9),to-read,,,,0,0
18386,The Death of Ivan Ilych,Leo Tolstoy,"Tolstoy, Leo","Aylmer Maude, Louise Maude","=""""","=""""",5,Waking Lion Press,Paperback,86,2006,1886,2021/06/14,2021/06/14,,,read,,,,1,0
393199,Down and Out in Paris and London,George Orwell,"Orwell, George",,"=""015626224X""","=""9780156262248""",4,Mariner Books,Paperback,213,1972,1933,2021/06/10,2021/04/14,,,read,,,,1,0
63790,"Not in Our Genes: Biology, Ideology and Human Nature",Richard C. Lewontin,"Lewontin, Richard C.","Leon J. Kamin, Steven Rose","=""0394728882""","=""9780394728889""",0,Pantheon,Paperback,322,1985,1984,,2021/06/05,to-read,to-read (#8),to-read,,,,0,0
4929,Kafka on the Shore,Haruki Murakami,"Murakami, Haruki",Philip Gabriel,"=""""","=""""",5,Vintage International,Paperback,467,2006,2002,2021/06/04,2021/03/02,,,read,,,,1,0
13221379,What Money Can't Buy: The Moral Limits of Markets,Michael J. Sandel,"Sandel, Michael J.",,"=""0374203032""","=""9780374203030""",3,"Farrar, Straus and Giroux",Hardcover,256,2012,2012,2021/06/02,2021/04/13,,,read,,,,1,0
51933,Madness and Civilization: A History of Insanity in the Age of Reason,Michel Foucault,"Foucault, Michel",,"=""067972110X""","=""9780679721109""",0,Vintage,Paperback,299,1988,1961,,2021/05/27,on-the-bookshelf,on-the-bookshelf (#44),on-the-bookshelf,,,,0,0
90568,For They Know Not What They Do: Enjoyment as a Political Factor,Slavoj Žižek,"Žižek, Slavoj",,"=""185984460X""","=""9781859844601""",0,Verso,Paperback,288,2002,1991,,2021/05/27,on-the-bookshelf,on-the-bookshelf (#43),on-the-bookshelf,,,,0,0
697251,Martian Time-Slip,Philip K. Dick,"Dick, Philip K.",,"=""0679761675""","=""9780679761679""",0,Vintage,Paperback,262,1995,1964,,2021/05/27,on-the-bookshelf,on-the-bookshelf (#42),on-the-bookshelf,,,,0,0
22816087,Seveneves,Neal Stephenson,"Stephenson, Neal",,"=""""","=""""",0,William Morrow,Kindle Edition,872,2015,2015,,2021/05/27,on-the-bookshelf,on-the-bookshelf (#41),on-the-bookshelf,,,,0,0
185161,Democracy Against Capitalism: Renewing Historical Materialism,Ellen Meiksins Wood,"Wood, Ellen Meiksins",,"=""0521476828""","=""9780521476829""",0,Cambridge University Press,Paperback,316,1995,,,2021/05/15,on-the-bookshelf,on-the-bookshelf (#40),on-the-bookshelf,,,,0,0
274392,"Black Skin, White Masks",Frantz Fanon,"Fanon, Frantz",Charles L. Markmann,"=""0802150845""","=""9780802150844""",0,Grove,Paperback,232,1994,1952,,2021/05/07,on-the-bookshelf,on-the-bookshelf (#39),on-the-bookshelf,,,,0,0
17160008,"Feral: Rewilding the Land, the Sea and Human Life",George Monbiot,"Monbiot, George",,"=""0670067172""","=""9780670067176""",0,Allen Lane,Hardcover,256,2013,2013,,2021/05/26,on-the-bookshelf,on-the-bookshelf (#38),on-the-bookshelf,,,,0,0
22590,Ubik,Philip K. Dick,"Dick, Philip K.",,"=""8498000831""","=""9788498000832""",5,La factoría de ideas,Paperback,288,2004,1969,2021/05/25,2021/05/09,,,read,,,,1,0
25355620,The Capitalist Unconscious: Marx and Lacan,Samo Tomšič,"Tomšič, Samo",,"=""178478110X""","=""9781784781101""",0,Verso,Kindle Edition,248,2016,2013,,2021/05/20,on-the-bookshelf,on-the-bookshelf (#37),on-the-bookshelf,,,,0,0
289666,Mapping Ideology (Mappings Series),Slavoj Žižek,"Žižek, Slavoj",,"=""1859840558""","=""9781859840559""",0,Verso,Paperback,348,1995,1995,,2021/05/20,on-the-bookshelf,on-the-bookshelf (#36),on-the-bookshelf,,,,0,0
29751000,"Against the Double Blackmail: Refugees, Terror and Other Troubles with the Neighbours",Slavoj Žižek,"Žižek, Slavoj",,"=""0241278848""","=""9780241278840""",4,Penguin Press,Hardcover,128,2017,2015,2021/05/19,2021/05/19,,,read,,,,1,0
46002,Critique of Cynical Reason,Peter Sloterdijk,"Sloterdijk, Peter","Andreas Huyssen, Michael Eldred","=""0816615861""","=""9780816615865""",0,University of Minnesota Press,Paperback,600,1988,1983,,2021/05/17,to-read,to-read (#7),to-read,,,,0,0
357636,Civilization and Its Discontents,Sigmund Freud,"Freud, Sigmund","Peter Gay, James Strachey","=""0393301583""","=""9780393301588""",4,W. W. Norton  Company,Paperback,127,1989,1930,2021/05/17,2021/04/16,,,read,,,,1,0
396931,The Origins of Totalitarianism,Hannah Arendt,"Arendt, Hannah",,"=""""","=""""",0,Harcourt Brace Jovanovich,Paperback,527,1973,1951,,2021/01/01,on-the-bookshelf,on-the-bookshelf (#35),on-the-bookshelf,,,,0,0
201388,Minima Moralia: Reflections on a Damaged Life,Theodor W. Adorno,"Adorno, Theodor W.",E.F.N. Jephcott,"=""1844670511""","=""9781844670512""",0,Verso,Paperback,256,2005,1951,,2020/12/31,on-the-bookshelf,on-the-bookshelf (#34),on-the-bookshelf,,,,0,0
2474084,"The Work of Art in the Age of Its Technological Reproducibility, and Other Writings on Media",Walter Benjamin,"Benjamin, Walter","Michael W. Jennings, Brigid Doherty, Thomas Y. Levin","=""0674024451""","=""9780674024458""",0,Belknap Press: An Imprint of Harvard University Press,Paperback,448,2008,1936,,2021/05/09,on-the-bookshelf,on-the-bookshelf (#33),on-the-bookshelf,,,,0,0
85767,Gender Trouble: Feminism and the Subversion of Identity,Judith Butler,"Butler, Judith",,"=""0415389550""","=""9780415389556""",0,Routledge,Paperback,236,2006,1989,,2021/05/07,to-read,to-read (#6),to-read,,,,0,0
30089748,Capitalism and Desire: The Psychic Cost of Free Markets,Todd McGowan,"McGowan, Todd",,"=""0231178727""","=""9780231178723""",0,Columbia University Press,Hardcover,304,2016,,,2021/05/04,to-read,to-read (#5),to-read,,,,0,0
188897,Socialism: Utopian and Scientific,Friedrich Engels,"Engels, Friedrich",,"=""0873485793""","=""9780873485791""",5,Pathfinder Pr,Paperback,86,1932,1880,2021/05/03,2021/05/03,,,read,,,,1,0
80339,The Soul of Man Under Socialism,Oscar Wilde,"Wilde, Oscar",,"=""1419183044""","=""9781419183041""",4,Kessinger Publishing,Paperback,48,2004,1891,2021/05/02,2021/05/02,,,read,,,,1,0
3979190,Critique of the Gotha Program,Karl Marx,"Marx, Karl",,"=""1434463095""","=""9781434463098""",5,Wildside Press,Paperback,63,2021,1875,2021/05/02,2021/05/02,,,read,,,,1,0
50403486,Subprime Attention Crisis (FSG Originals x Logic),Tim Hwang,"Hwang, Tim",,"=""0374538654""","=""9780374538651""",5,FSG,Paperback,176,2020,,2021/05/01,2021/04/05,,,read,,,,1,0
36409934,Terrorism and Communism: A Reply to Karl Kautsky (Revolutions),Leon Trotsky,"Trotsky, Leon",Slavoj Žižek,"=""1786633442""","=""9781786633446""",3,Verso,Kindle Edition,301,2017,1920,2021/04/27,2021/04/20,,,read,,,,1,0
54063245,The Book of Trespass: Crossing the Lines that Divide Us,Nick Hayes,"Hayes, Nick",,"=""1526604698""","=""9781526604699""",0,Bloomsbury Circus,Hardcover,448,2020,2020,,2021/04/24,to-read,to-read (#4),to-read,,,,0,0
43080056,"Who Owns England?: How We Lost Our Green and Pleasant Land, and How to Take It Back",Guy Shrubsole,"Shrubsole, Guy",,"=""0008321698""","=""""",0,William Collins,Kindle Edition,385,2019,2019,,2021/04/24,to-read,to-read (#3),to-read,,,,0,0
5128,The Doors of Perception & Heaven and Hell,Aldous Huxley,"Huxley, Aldous",,"=""0060595183""","=""9780060595180""",0,Harper Perennial Modern Classics,Paperback,187,2004,1956,,2021/04/21,on-the-bookshelf,on-the-bookshelf (#32),on-the-bookshelf,,,,0,0
457264,The Second Sex,Simone de Beauvoir,"Beauvoir, Simone de","H.M. Parshley, Deirdre Bair","=""0679724516""","=""9780679724513""",0,Vintage,Paperback,746,1989,1949,,2021/04/21,on-the-bookshelf,on-the-bookshelf (#31),on-the-bookshelf,,,,0,0
9870118,Did Somebody Say Totalitarianism?: Five Interventions in the (Mis)Use of a Notion,Slavoj Žižek,"Žižek, Slavoj",,"=""1844677133""","=""9781844677139""",0,Verso Books,Paperback,288,2011,2001,,2021/04/21,on-the-bookshelf,on-the-bookshelf (#30),on-the-bookshelf,,,,0,0
229231,The Interpretation of Dreams,Sigmund Freud,"Freud, Sigmund",,"=""""","=""""",4,"Wordsworth Editions, Ltd.",Paperback,452,2000,1899,2021/04/20,2021/03/27,,,read,,,,1,0
13330433,"The Democracy Project: A History, a Crisis, a Movement",David Graeber,"Graeber, David",,"=""081299356X""","=""9780812993561""",0,Spiegel & Grau,Hardcover,352,2013,2013,,2021/03/08,on-the-bookshelf,on-the-bookshelf (#29),on-the-bookshelf,,,,0,0
13265617,A General Introduction to Psychoanalysis,Sigmund Freud,"Freud, Sigmund",G. Stanley Hall,"=""""","=""""",0,Barnes & Noble ,Kindle Edition,216,2011,1917,,2021/04/16,on-the-bookshelf,on-the-bookshelf (#28),on-the-bookshelf,,,,0,0
403846,"Caliban and the Witch: Women, the Body and Primitive Accumulation",Silvia Federici,"Federici, Silvia",,"=""1570270597""","=""9781570270598""",0,Autonomedia,Paperback,285,2004,2004,,2021/04/15,to-read,to-read (#2),to-read,,,,0,0
299215,The Road to Serfdom,Friedrich A. Hayek,"Hayek, Friedrich A.",Milton Friedman,"=""0226320618""","=""9780226320618""",0,University of Chicago Press,Paperback,274,1994,1944,,2021/04/14,on-the-bookshelf,on-the-bookshelf (#27),on-the-bookshelf,,,,0,0
74095,Selected Poems: The Influential 20th Century German Poet's Accessible Bilingual Collection for Modern Readers,Bertolt Brecht,"Brecht, Bertolt",,"=""0156806460""","=""9780156806466""",0,Ecco,Paperback,179,1971,1947,,2021/04/14,on-the-bookshelf,on-the-bookshelf (#26),on-the-bookshelf,,,,0,0
8913542,23 Things They Don't Tell You About Capitalism,Ha-Joon Chang,"Chang, Ha-Joon",,"=""1608191664""","=""9781608191666""",0,Bloomsbury Press,Hardcover,286,2011,2010,,2021/04/14,on-the-bookshelf,on-the-bookshelf (#24),on-the-bookshelf,,,,0,0
1108378,What Is to Be Done?,Vladimir Lenin,"Lenin, Vladimir","Robert Service, Joe Fineberg, George H. Hanna","=""0140181261""","=""9780140181265""",0,Penguin Classics,Paperback,272,1990,1902,,2021/04/14,on-the-bookshelf,on-the-bookshelf (#23),on-the-bookshelf,,,,0,0
189234,"Letters From Prison, Volume 1",Antonio Gramsci,"Gramsci, Antonio","Frank Rosengarten, Raymond Rosenthal","=""0231075529""","=""9780231075527""",0,Columbia University Press,Hardcover,374,1993,1948,,2021/04/14,on-the-bookshelf,on-the-bookshelf (#22),on-the-bookshelf,,,,0,0
4934,The Brothers Karamazov,Fyodor Dostoevsky,"Dostoevsky, Fyodor","Richard Pevear, Larissa Volokhonsky","=""0374528373""","=""9780374528379""",0,"Farrar, Straus and Giroux",Paperback,796,2002,1880,,2021/01/01,on-the-bookshelf,on-the-bookshelf (#21),on-the-bookshelf,,,,0,0
216377,VALIS,Philip K. Dick,"Dick, Philip K.",,"=""0679734465""","=""9780679734468""",0,Vintage Books,Paperback,242,2004,1981,,2021/04/14,on-the-bookshelf,on-the-bookshelf (#20),on-the-bookshelf,,,,0,0
135836,"Trainspotting (Mark Renton, #2)",Irvine Welsh,"Welsh, Irvine",,"=""0099465892""","=""9780099465898""",0,Vintage,Paperback,431,1994,1993,,2021/04/13,on-the-bookshelf,on-the-bookshelf (#19),on-the-bookshelf,,,,0,0
12505,The Idiot,Fyodor Dostoevsky,"Dostoevsky, Fyodor","Anna Brailovsky, Joseph Frank, Constance Garnett","=""0679642420""","=""9780679642428""",0,Modern Library,Paperback,667,2003,1869,,2021/01/01,on-the-bookshelf,on-the-bookshelf (#18),on-the-bookshelf,,,,0,0
1237300,The Shock Doctrine: The Rise of Disaster Capitalism,Naomi Klein,"Klein, Naomi",,"=""0805079831""","=""9780805079838""",0,Metropolitan Books,Hardcover,558,2007,2007,,2021/01/01,on-the-bookshelf,on-the-bookshelf (#17),on-the-bookshelf,,,,0,0
168668,Catch-22,Joseph Heller,"Heller, Joseph",,"=""0684833395""","=""9780684833392""",0,Simon & Schuster ,Paperback,453,2004,1961,,2021/01/01,on-the-bookshelf,on-the-bookshelf (#16),on-the-bookshelf,,,,0,0
51306,Mutual Aid: A Factor of Evolution,Pyotr Kropotkin,"Kropotkin, Pyotr",,"=""1426414595""","=""9781426414596""",0,BiblioBazaar,Paperback,234,2006,1891,,2021/01/01,on-the-bookshelf,on-the-bookshelf (#15),on-the-bookshelf,,,,0,0
51893,Thus Spoke Zarathustra,Friedrich Nietzsche,"Nietzsche, Friedrich","Walter Kaufmann, Silvia Cecchini, Domenico Ciampoli","=""""","=""""",0,Penguin Books,Paperback,327,1978,1883,,2021/01/01,on-the-bookshelf,on-the-bookshelf (#14),on-the-bookshelf,,,,0,0
12321,Beyond Good and Evil,Friedrich Nietzsche,"Nietzsche, Friedrich","Michael Tanner, R.J. Hollingdale","=""014044923X""","=""9780140449235""",0,Penguin Classics,Paperback,240,2003,1886,,2021/01/01,on-the-bookshelf,on-the-bookshelf (#13),on-the-bookshelf,,,,0,0
451565,"Human, All Too Human: A Book for Free Spirits",Friedrich Nietzsche,"Nietzsche, Friedrich","R.J. Hollingdale, Richard Schacht","=""0521567041""","=""9780521567046""",0,Cambridge University Press,Paperback,428,1996,1878,,2021/01/01,on-the-bookshelf,on-the-bookshelf (#12),on-the-bookshelf,,,,0,0
22616,The System of Objects,Jean Baudrillard,"Baudrillard, Jean",James Benedict,"=""1844670538""","=""9781844670536""",0,Verso,Paperback,224,2006,1968,,2021/01/01,on-the-bookshelf,on-the-bookshelf (#11),on-the-bookshelf,,,,0,0
24886497,And the Weak Suffer What They Must?  Europe's Crisis and America's Economic Future,Yanis Varoufakis,"Varoufakis, Yanis",,"=""1568585047""","=""9781568585048""",0,Bold Type Books,Hardcover,368,2016,2016,,2021/01/01,on-the-bookshelf,on-the-bookshelf (#10),on-the-bookshelf,,,,0,0
24388295,Disaster Capitalism: Making a Killing Out of Catastrophe,Antony Loewenstein,"Loewenstein, Antony",,"=""1784781169""","=""9781784781163""",0,Verso,Kindle Edition,386,2015,2006,,2021/01/01,on-the-bookshelf,on-the-bookshelf (#9),on-the-bookshelf,,,,0,0
12228097,The Chimp Paradox: How Our Impulses and Emotions Can Determine Success and Happiness and How We Can Control Them,Steve   Peters,"Peters, Steve",,"=""009193558X""","=""9780091935580""",0,Vermilion,Paperback,346,2012,2012,,2021/01/01,on-the-bookshelf,on-the-bookshelf (#8),on-the-bookshelf,,,,0,0
312957,Post-Scarcity Anarchism (Working Classics),Murray Bookchin,"Bookchin, Murray",,"=""1904859062""","=""9781904859062""",0,AK Press,Paperback,242,2004,1971,,2021/01/01,on-the-bookshelf,on-the-bookshelf (#7),on-the-bookshelf,,,,0,0
1129911,The Open Society and Its Enemies - Volume One: The Spell of Plato,Karl Popper,"Popper, Karl",,"=""0691019681""","=""9780691019680""",0,Princeton University Press,Paperback,368,1971,1945,,2021/01/04,on-the-bookshelf,on-the-bookshelf (#6),on-the-bookshelf,,,,0,0
61551,The Open Society and Its Enemies - Volume Two: Hegel and Marx,Karl Popper,"Popper, Karl",,"=""0415278422""","=""9780415278423""",0,Routledge,Paperback,470,2003,1945,,2021/01/04,on-the-bookshelf,on-the-bookshelf (#5),on-the-bookshelf,,,,0,0
355656,"Capital: A Critique of Political Economy, Volume 2",Karl Marx,"Marx, Karl","David Fernbach, Ernest Mandel","=""0140445692""","=""9780140445695""",0,Penguin Classics,Paperback,624,1993,1887,,2021/01/09,on-the-bookshelf,on-the-bookshelf (#4),on-the-bookshelf,,,,0,0
647,No Logo,Naomi Klein,"Klein, Naomi",,"=""0312421435""","=""9780312421434""",0,Picador,Paperback,528,2002,2000,,2021/02/15,on-the-bookshelf,on-the-bookshelf (#3),on-the-bookshelf,,,,0,0
243947,The Plague of Fantasies (Wo Es War Series),Slavoj Žižek,"Žižek, Slavoj",,"=""1859841937""","=""9781859841938""",0,Verso,Paperback,254,1997,1997,,2021/03/08,on-the-bookshelf,on-the-bookshelf (#2),on-the-bookshelf,,,,0,0
54650835,Postcapitalist Desire: The Final Lectures,Mark Fisher,"Fisher, Mark",Matt Colquhoun,"=""""","=""""",0,,Unknown Binding,211,2020,2020,,2021/03/08,on-the-bookshelf,on-the-bookshelf (#1),on-the-bookshelf,,,,0,0
36262339,"Death's End (Remembrance of Earth’s Past, #3)",Liu Cixin,"Cixin, Liu",,"=""1788543025""","=""9781788543026""",5,Head of Zeus,Paperback,736,2018,2010,2021/04/07,2021/04/03,,,read,,,,1,0
52692610,The Cyberiad,Stanisław Lem,"Lem, Stanisław","Michael Kandel, Daniel Mróz","=""0241467993""","=""9780241467992""",3,Penguin Classics,Paperback,336,2020,1965,2021/04/01,2021/02/22,,,read,,,,1,0
37133029,Psychopolitics: Neoliberalism and New Technologies of Power,Byung-Chul Han,"Han, Byung-Chul",Erik Butler,"=""1784785784""","=""9781784785789""",5,Verso,Kindle Edition,96,2017,2014,2021/03/26,2021/03/26,,,read,,,,1,0
22886612,"Nemesis Games (The Expanse, #5)",James S.A. Corey,"Corey, James S.A.",,"=""031621759X""","=""9780316217590""",4,Orbit,Kindle Edition,536,2015,2015,2021/03/20,2021/03/08,,,read,,,,1,0
23168817,"The Dark Forest (Remembrance of Earth’s Past, #2)",Liu Cixin,"Cixin, Liu",Joel Martinsen,"=""""","=""""",5,Tor Books,Hardcover,512,2015,2008,2021/03/16,2021/02/17,,,read,,,,1,0
35718985,The Grapes of Wrath,John Steinbeck,"Steinbeck, John",,"=""""","=""""",5,Penguin Modern Classics,Paperback,476,2000,1939,2021/03/08,2021/01/23,,,read,,,,1,0
48887762,Myth and Mayhem: A Leftist Critique of Jordan Peterson,Ben Burgis,"Burgis, Ben","Conrad Hamilton, Matthew McManus, Marion Trejo","=""1789045541""","=""9781789045543""",5,Zero Books,Kindle Edition,256,2020,2020,2021/03/07,2021/03/03,,,read,,,,1,0
18656030,"Cibola Burn (The Expanse, #4)",James S.A. Corey,"Corey, James S.A.",,"=""""","=""""",3,Orbit,Hardcover,581,2014,2014,2021/03/01,2021/02/14,,,read,,,,1,0
25490360,The Burnout Society,Byung-Chul Han,"Han, Byung-Chul",Erik Butler,"=""0804795096""","=""9780804795098""",4,Stanford University Press,Paperback,60,2015,2010,2021/02/27,2021/02/22,,,read,,,,1,0
41894188,The Medium is the Massage: An Inventory of Effects,Marshall McLuhan,"McLuhan, Marshall",,"=""""","=""""",4,Gingko Press,Paperback,160,2006,1967,2021/02/24,2021/02/22,,,read,,,,1,0
586391,Island,Aldous Huxley,"Huxley, Aldous",,"=""0099477777""","=""9780099477778""",4,Vintage Books,Paperback,286,2008,1962,2021/02/23,2021/02/14,,,read,,,,1,0
6763725,Capitalist Realism: Is There No Alternative?,Mark Fisher,"Fisher, Mark",,"=""1846943175""","=""9781846943171""",5,Zero Books,Paperback,81,2009,2009,2021/02/20,2021/02/16,,,read,,,,1,0
76171,We,Yevgeny Zamyatin,"Zamyatin, Yevgeny",Clarence Brown,"=""0140185852""","=""9780140185850""",4,Penguin Books,Paperback,256,1993,1924,2021/02/20,2021/02/14,,,read,,,,1,0
52692612,One Billion Years to the End of the World,Arkady Strugatsky,"Strugatsky, Arkady",Boris Strugatsky,"=""0241472474""","=""9780241472477""",5,Penguin Books Ltd,Paperback,176,2020,1974,2021/02/18,2021/02/14,,,read,,,,1,0
36262331,"The Three-Body Problem (Remembrance of Earth’s Past, #1)",Liu Cixin,"Cixin, Liu",,"=""1788543009""","=""9781788543002""",4,Head of Zeus,Paperback,434,2018,2006,2021/02/17,2021/02/11,,,read,,,,1,0
35403039,The End of Policing,Alex S. Vitale,"Vitale, Alex S.",,"=""1784782912""","=""9781784782917""",3,Verso,Kindle Edition,272,2017,2017,2021/02/14,2021/02/13,,,read,,,,1,0
225468,Industrial Society and Its Future,Theodore John Kaczynski,"Kaczynski, Theodore John",,"=""""","=""""",0,,Paperback,149,1995,1995,,2021/02/12,to-read,to-read (#1),to-read,,,,0,0
16131032,"Abaddon’s Gate (The Expanse, #3)",James S.A. Corey,"Corey, James S.A.",,"=""""","=""""",4,Orbit,Paperback,539,2013,2013,2021/02/11,2021/01/31,,,read,,,,1,0
32603498,The Divide: A Brief Guide to Global Inequality and its Solutions,Jason Hickel,"Hickel, Jason",,"=""1785151126""","=""9781785151125""",5,Heinemann,Hardcover,368,2017,2017,2021/02/05,2021/01/09,,,read,,,,1,0
12591698,"Caliban’s War (The Expanse, #2)",James S.A. Corey,"Corey, James S.A.",,"=""1841499900""","=""9781841499901""",5,"Orbit/Little, Brown Book Group",Paperback,624,2012,2012,2021/01/30,2021/01/25,,,read,,,,1,0
38914131,The People’s Republic of Walmart: How the World’s Biggest Corporations are Laying the Foundation for Socialism,Leigh Phillips,"Phillips, Leigh",Michal Rozworski,"=""1786635186""","=""9781786635181""",4,Verso,Kindle Edition,257,2019,2019,2021/01/25,2021/01/21,,,read,,,,1,0
8855321,"Leviathan Wakes (The Expanse, #1)",James S.A. Corey,"Corey, James S.A.",,"=""1841499889""","=""9781841499888""",4,Orbit,Paperback,561,2011,2011,2021/01/21,2021/01/09,,,read,,,,1,0
1450671,On Ideology,Louis Althusser,"Althusser, Louis",Ben Brewster,"=""1844672026""","=""9781844672028""",4,Verso,Paperback,179,2008,1984,2021/01/16,2021/01/01,,,read,,,,1,0
18423,The Left Hand of Darkness,Ursula K. Le Guin,"Guin, Ursula K. Le",,"=""""","=""""",5,Ace,Paperback,304,2000,1969,2021/01/15,2021/01/09,,,read,,,,1,0
216363,The Man in the High Castle,Philip K. Dick,"Dick, Philip K.",,"=""0679740678""","=""9780679740674""",3,Vintage,Paperback,259,1992,1962,2021/01/09,2021/01/04,,,read,,,,1,0
39895849,Like A Thief In Broad Daylight: Power in the Era of Post-Human Capitalism,Slavoj Žižek,"Žižek, Slavoj",,"=""0241364299""","=""9780241364291""",4,Allen Lane,Hardcover,256,2018,2018,2021/01/03,2020/12/31,,,read,,,,1,0
694454,Dialectical and Historical Materialism,Joseph Stalin,"Stalin, Joseph",,"=""0717800474""","=""9780717800476""",3,Taylor & Francis,Paperback,48,1940,1938,2020/07/31,2020/07/31,,,read,,,,1,0
40961427,1984,George Orwell,"Orwell, George",,"=""""","=""""",5,Houghton Mifflin Harcourt,ebook,298,2013,1948,2020/12/26,2020/12/26,,,read,,,,1,0
6304389,The Spirit Level: Why More Equal Societies Almost Always Do Better,Richard G. Wilkinson,"Wilkinson, Richard G.",Kate E. Pickett,"=""1846140390""","=""9781846140396""",4,Allen Lane,Hardcover,352,2009,2009,2020/07/31,2020/07/31,,,read,,,,1,0
4900,Heart of Darkness,Joseph Conrad,"Conrad, Joseph",,"=""1892295490""","=""9781892295491""",4,Green Integer Books,Paperback,188,2003,1899,2020/12/21,2020/12/21,,,read,,,,1,0
581552,In the Penal Colony,Franz Kafka,"Kafka, Franz",,"=""""","=""""",4,Schocken Books,Paperback,52,1974,1918,2020/11/29,2020/11/29,,,read,,,,1,0
92625,The Ones Who Walk Away from Omelas,Ursula K. Le Guin,"Guin, Ursula K. Le",,"=""0886825016""","=""9780886825010""",5,"Creative Education, Inc.",Library Binding,32,1997,1973,2020/11/28,2020/11/28,,,read,,,,1,0
49552,The Stranger,Albert Camus,"Camus, Albert",Matthew  Ward,"=""""","=""""",5,Vintage International,Paperback,123,1989,1942,2020/11/21,2020/11/21,,,read,,,,1,0
72657,Pedagogy of the Oppressed,Paulo Freire,"Freire, Paulo","Myra Bergman Ramos, Donaldo Macedo","=""0826412769""","=""9780826412768""",4,Continuum,Paperback,183,2000,1968,2020/11/19,2020/11/19,,,read,,,,1,0
40940649,I Am Legend,Richard Matheson,"Matheson, Richard",,"=""0795315635""","=""9780795315633""",3, RosettaBooks ,Kindle Edition,101,2011,1954,2020/11/17,2020/11/17,,,read,,,,1,0
298275,Nausea,Jean-Paul Sartre,"Sartre, Jean-Paul","Lloyd Alexander, Hayden Carruth","=""0811201880""","=""9780811201889""",4,New Directions,Hardcover,178,1969,1938,2020/11/14,2020/11/14,,,read,,,,1,0
13651,The Dispossessed: An Ambiguous Utopia,Ursula K. Le Guin,"Guin, Ursula K. Le",,"=""""","=""""",5,Harper Voyager,Paperback,387,1994,1974,,2020/11/11,,,read,,,,2,0
18919,How to Read Lacan,Slavoj Žižek,"Žižek, Slavoj",Simon Critchley,"=""0393329550""","=""9780393329551""",4,W. W. Norton & Company,Paperback,144,2007,2006,2020/11/08,2020/11/08,,,read,,,,1,0
2638701,Violence: Six Sideways Reflections,Slavoj Žižek,"Žižek, Slavoj",,"=""0312427182""","=""9780312427184""",4,Picador,Paperback,272,2008,2007,2020/11/07,2020/11/07,,,read,,,,1,0
5129,Brave New World,Aldous Huxley,"Huxley, Aldous",,"=""0060929871""","=""9780060929879""",4,HarperPerennial / Perennial Classics,Paperback,288,1998,1932,2020/11/04,2020/11/04,,,read,,,,1,0
11989,The Plague,Albert Camus,"Camus, Albert",Stuart Gilbert,"=""""","=""""",5,Vintage International,Paperback,308,1991,1947,2020/11/01,2020/11/01,,,read,,,,1,0
333538,The Castle,Franz Kafka,"Kafka, Franz",Mark Harman,"=""0805211063""","=""9780805211061""",4,Schocken,Paperback,328,1998,1926,2020/10/26,2020/10/26,,,read,,,,1,0
91950,The Myth of Sisyphus,Albert Camus,"Camus, Albert",Justin O'Brien,"=""""","=""""",4,Penguin Classics,Paperback,192,2013,1942,2020/10/24,2020/10/24,,,read,,,,1,0
3735293,Clean Code: A Handbook of Agile Software Craftsmanship,Robert C. Martin,"Martin, Robert C.",,"=""0132350882""","=""9780132350884""",4,Pearson,Paperback,464,2008,2007,2020/10/17,2020/10/17,,,read,,,,1,0
4865,How to Win Friends & Influence People,Dale Carnegie,"Carnegie, Dale",,"=""""","=""""",4,Gallery Books,Paperback,288,1998,1936,2020/09/17,2020/09/17,,,read,,,,1,0
6792458,The New Jim Crow: Mass Incarceration in the Age of Colorblindness,Michelle Alexander,"Alexander, Michelle",,"=""""","=""""",5,The New Press Inc.,Hardcover,290,2010,2010,,2020/09/17,,,read,,,,2,0
179612,The State and Revolution,Vladimir Lenin,"Lenin, Vladimir",,"=""1419183478""","=""9781419183478""",4,Kessinger Publishing,Paperback,116,2004,1917,2020/07/31,2020/07/31,,,read,,,,1,0
17690,The Trial,Franz Kafka,"Kafka, Franz","Max Brod, Willa Muir, Edwin Muir","=""""","=""""",5,Vintage,Paperback,255,2001,1925,2020/07/31,2020/07/31,,,read,,,,1,0
6320534,Under the Dome,Stephen  King,"King, Stephen",,"=""1439148503""","=""9781439148501""",4,Scribner,Hardcover,1074,2009,2009,2020/07/31,2020/07/31,,,read,,,,1,0
16256798,The One Thing: The Surprisingly Simple Truth Behind Extraordinary Results,Gary Keller,"Keller, Gary",Jay Papasan,"=""1885167776""","=""9781885167774""",3,Bard Press,Hardcover,240,2013,2012,2020/09/11,2020/09/11,,,read,,,,1,0
551926,Anarchism and Other Essays,Emma Goldman,"Goldman, Emma",,"=""0486224848""","=""9780486224848""",4,Dover Publications,Paperback,271,1969,1910,2020/09/07,2020/09/07,,,read,,,,1,0
257903,The Ego and His Own: The Case of the Individual Against Authority,Max Stirner,"Stirner, Max","James J. Martin, Steven T. Byington","=""048644581X""","=""9780486445816""",4,Dover Publications,Paperback,366,2005,1844,2020/08/12,2020/08/12,,,read,,,,1,0
213519,Reform or Revolution,Rosa Luxemburg,"Luxemburg, Rosa",Mary-Alice Waters,"=""0873483030""","=""9780873483032""",5,Pathfinder,Paperback,112,1973,1900,2020/07/31,2020/07/31,,,read,,,,1,0
33917107,On Tyranny: Twenty Lessons from the Twentieth Century,Timothy Snyder,"Snyder, Timothy",,"=""0804190119""","=""9780804190114""",4,Tim Duggan Books,Paperback,127,2017,2017,2020/07/31,2020/07/31,,,read,,,,1,0
4069,Man's Search for Meaning,Viktor E. Frankl,"Frankl, Viktor E.","Harold S. Kushner, William J. Winslade, Isle Lasch","=""080701429X""","=""9780807014295""",5,Beacon Press,Paperback,165,2006,1946,2020/07/31,2020/07/31,,,read,,,,1,0
6739402,Guerilla Warfare,Ernesto Che Guevara,"Guevara, Ernesto Che",,"=""8187496843""","=""9788187496847""",4,Left Word Books,Hardcover,171,2009,1961,2020/08/03,2020/08/04,,,read,,,,1,0
179609,Imperialism: The Highest Stage of Capitalism,Vladimir Lenin,"Lenin, Vladimir",,"=""0745310354""","=""9780745310350""",4,Pluto Press,Paperback,192,1996,1917,2020/07/31,2020/07/31,,,read,,,,1,0
386162,"The Hitchhiker’s Guide to the Galaxy (The Hitchhiker's Guide to the Galaxy, #1)",Douglas Adams,"Adams, Douglas",,"=""""","=""""",4,Del Rey,Paperback,193,2007,1979,2020/07/31,2020/07/31,,,read,,,,1,0
13079982,Fahrenheit 451,Ray Bradbury,"Bradbury, Ray",,"=""""","=""""",4,Simon & Schuster,Mass Market Paperback,249,2011,1953,2020/07/31,2020/07/31,,,read,,,,1,0
18050143,"Zero to One: Notes on Startups, or How to Build the Future",Peter Thiel,"Thiel, Peter",Blake  Masters,"=""0804139296""","=""9780804139298""",3,Crown Currency,Hardcover,195,2014,2014,2020/07/31,2020/07/31,,,read,,,,1,0
485894,The Metamorphosis,Franz Kafka,"Kafka, Franz",Stanley Corngold,"=""0553213695""","=""9780553213690""",4,Bantam Classics,Mass Market Paperback,201,1972,1915,2020/07/31,2020/07/31,,,read,,,,1,0
30553,The Road to Wigan Pier,George Orwell,"Orwell, George",Richard Hoggart,"=""""","=""""",4,Penguin Classics,Paperback,215,2001,1937,2020/07/31,2020/07/31,,,read,,,,1,0
14817,A Scanner Darkly,Philip K. Dick,"Dick, Philip K.",,"=""057507681X""","=""9780575076815""",4,Gollancz,Paperback,217,2006,1977,2020/07/31,2020/07/31,,,read,,,,1,0
23129811,On Palestine,Noam Chomsky,"Chomsky, Noam","Ilan Pappé, Frank Barat","=""1608464709""","=""9781608464708""",5,Haymarket Books,Paperback,220,2015,2015,2020/07/31,2020/07/31,,,read,,,,1,0
1113155,The Conquest of Bread (Working Classics),Pyotr Kropotkin,"Kropotkin, Pyotr",Demián Reyes,"=""1904859100""","=""9781904859109""",5,AK Press,Paperback,224,2006,1892,2020/07/31,2020/07/31,,,read,,,,1,0
36490332,"Talking to My Daughter About the Economy: or, How Capitalism Works—and How It Fails",Yanis Varoufakis,"Varoufakis, Yanis",Jacob Moe,"=""0374718431""","=""9780374718435""",4,"Farrar, Straus and Giroux",Kindle Edition,224,2018,2013,2020/07/31,2020/07/31,,,read,,,,1,0
9646,Homage to Catalonia,George Orwell,"Orwell, George",Lionel Trilling,"=""0156421178""","=""9780156421171""",5,"Harcourt, Inc.(Harvest Book)",Paperback,232,1980,1938,2020/07/31,2020/07/31,,,read,,,,1,0
33606119,Why I'm No Longer Talking to White People About Race,Reni Eddo-Lodge,"Eddo-Lodge, Reni",,"=""140887055X""","=""9781408870556""",4,Bloomsbury Circus,Hardcover,249,2017,2017,2020/07/31,2020/07/31,,,read,,,,1,0
12618,Chomsky On Anarchism,Noam Chomsky,"Chomsky, Noam",Barry Pateman,"=""1904859208""","=""9781904859208""",3,AK Press,Paperback,241,2005,2005,2020/07/31,2020/07/31,,,read,,,,1,0
40876575,Utopia for Realists: How We Can Build the Ideal World,Rutger Bregman,"Bregman, Rutger",,"=""0316471909""","=""9780316471909""",4,"Little, Brown and Company",Kindle Edition,262,2017,2014,2020/07/31,2020/07/31,,,read,,,,1,0
37506348,Winners Take All: The Elite Charade of Changing the World,Anand Giridharadas,"Giridharadas, Anand",,"=""0451493249""","=""9780451493248""",4,Knopf,Hardcover,288,2018,2018,2020/07/31,2020/07/31,,,read,,,,1,0
635635,"Women, Race & Class",Angela Y. Davis,"Davis, Angela Y.",,"=""0394713516""","=""9780394713519""",5,Vintage,Paperback,271,1983,1981,2020/07/31,2020/07/31,,,read,,,,1,0
30474,The Communist Manifesto,Karl Marx,"Marx, Karl","Friedrich Engels, Samuel Moore, Gareth Stedman Jones","=""0140447571""","=""9780140447576""",4,Penguin Books,Paperback,288,2002,1848,2020/07/31,2020/07/31,,,read,,,,1,0
1038873,Think: A Compelling Introduction to Philosophy,Simon Blackburn,"Blackburn, Simon",,"=""0192100246""","=""9780192100245""",4,"Oxford University Press, USA",Hardcover,312,1999,1999,2020/07/31,2020/07/31,,,read,,,,1,0
10408011,Chavs: The Demonization of the Working Class,Owen   Jones,"Jones, Owen",,"=""184467696X""","=""9781844676965""",4,Verso,Paperback,298,2011,2011,2020/07/31,2020/07/31,,,read,,,,1,0
66933,The Wretched of the Earth,Frantz Fanon,"Fanon, Frantz","Homi K. Bhabha, Richard Philcox, Jean-Paul Sartre","=""0802141323""","=""9780802141323""",5,Grove Press,Paperback,251,2005,1961,2020/07/31,2020/07/31,,,read,,,,1,0
349650,One-Dimensional Man: Studies in the Ideology of Advanced Industrial Society,Herbert Marcuse,"Marcuse, Herbert",Douglas Kellner,"=""0807014176""","=""9780807014172""",4,Beacon Press,Paperback,260,1991,1964,2020/07/31,2020/07/31,,,read,,,,1,0
20527133,"Superintelligence: Paths, Dangers, Strategies",Nick Bostrom,"Bostrom, Nick",,"=""0199678111""","=""9780199678112""",4,Oxford University Press,Hardcover,352,2014,2014,2020/07/31,2020/07/31,,,read,,,,1,0
34466958,Bullshit Jobs: A Theory,David Graeber,"Graeber, David",,"=""150114331X""","=""9781501143311""",5,Simon & Schuster,Hardcover,335,2018,2018,2020/07/31,2020/07/31,,,read,,,,1,0
188378,The Anatomy of Fascism,Robert O. Paxton,"Paxton, Robert O.",,"=""""","=""""",4,Vintage,Paperback,336,2005,2004,2020/07/31,2020/07/31,,,read,,,,1,0
18579571,Seventeen Contradictions and the End of Capitalism,David Harvey,"Harvey, David",,"=""019936026X""","=""9780199360260""",4,Oxford University Press,Hardcover,352,2014,2014,2020/07/31,2020/07/31,,,read,,,,1,0
23120225,The Establishment: And How They Get Away with It,Owen   Jones,"Jones, Owen",,"=""1846147190""","=""9781846147197""",4,Allen Lane,Hardcover,358,2014,2014,2020/07/31,2020/07/31,,,read,,,,1,0
12617,Manufacturing Consent: The Political Economy of the Mass Media,Edward S. Herman,"Herman, Edward S.",Noam Chomsky,"=""0375714499""","=""9780375714498""",4,Pantheon Books,Paperback,412,2002,1988,2020/07/31,2020/07/31,,,read,,,,1,0
10567,Cell,Stephen  King,"King, Stephen",,"=""1416524517""","=""9781416524519""",2,Pocket Star Books,Mass Market Paperback,449,2006,2006,2020/07/31,2020/07/31,,,read,,,,1,0
92057,The Autobiography of Malcolm X,Malcolm X,"X, Malcolm",Alex Haley,"=""""","=""""",5,Ballantine Books,Mass Market Paperback,466,2015,1965,2020/07/31,2020/07/31,,,read,,,,1,0
6617037,"Debt: The First 5,000 Years",David Graeber,"Graeber, David",,"=""1933633867""","=""9781933633862""",4,Melville House,Hardcover,534,2011,2011,2020/07/31,2020/07/31,,,read,,,,1,0
19063,The Book Thief,Markus Zusak,"Zusak, Markus",,"=""""","=""""",5,Alfred A. Knopf,Kindle Edition,592,2006,2005,2020/07/31,2020/07/31,,,read,,,,1,0
